# SQL Manager 2007 for MySQL 4.1.2.1
# ---------------------------------------
# Host     : localhost
# Port     : 3306
# Database : mzz


/*!40101 SET @OLD_CHARACTER_SET_CLIENT=@@CHARACTER_SET_CLIENT */;
/*!40101 SET @OLD_CHARACTER_SET_RESULTS=@@CHARACTER_SET_RESULTS */;
/*!40101 SET @OLD_COLLATION_CONNECTION=@@COLLATION_CONNECTION */;
/*!40101 SET NAMES utf8 */;

SET FOREIGN_KEY_CHECKS=0;

DROP DATABASE IF EXISTS `mzz`;

CREATE DATABASE `mzz`
    CHARACTER SET 'utf8'
    COLLATE 'utf8_general_ci';

USE `mzz`;

#
# Structure for the `catalogue_catalogue` table : 
#

DROP TABLE IF EXISTS `catalogue_catalogue`;

CREATE TABLE `catalogue_catalogue` (
  `id` int(11) unsigned NOT NULL auto_increment,
  `type_id` int(11) unsigned default NULL,
  `name` varchar(255) NOT NULL default '',
  `editor` int(11) default NULL,
  `created` int(11) default NULL,
  `obj_id` int(11) default NULL,
  `folder_id` int(11) NOT NULL default '0',
  PRIMARY KEY  (`id`),
  KEY `folder_id` (`folder_id`)
) ENGINE=MyISAM DEFAULT CHARSET=utf8;

#
# Data for the `catalogue_catalogue` table  (LIMIT 0,500)
#

INSERT INTO `catalogue_catalogue` (`id`, `type_id`, `name`, `editor`, `created`, `obj_id`, `folder_id`) VALUES 
  (6,8,'Delphi: программирование на языке высокого уровня',2,1175235587,489,12),
  (7,8,'Учебник английского языка для технических университетов и вузов',2,1175237052,490,12),
  (8,7,'Nokia 6300',2,1175871646,501,5),
  (9,7,'Nokia E65',2,1175871677,502,5),
  (10,7,'Motorola KRZR K1',2,1175871755,503,5),
  (11,8,'Линия грёз',2,1179562302,562,11),
  (12,9,'Стаканчик-непроливайка, 2 ',2,1179565776,563,1),
  (13,9,'Набор ',2,1179565863,564,1),
  (14,8,'PHP5 для профессионалов',2,1179566368,565,1),
  (15,9,'Бархатная раскраска \"Котята\"',2,1179566669,566,1),
  (17,11,'test',2,1183848304,775,1);

COMMIT;

#
# Structure for the `catalogue_catalogueFolder` table : 
#

DROP TABLE IF EXISTS `catalogue_catalogueFolder`;

CREATE TABLE `catalogue_catalogueFolder` (
  `id` int(11) NOT NULL auto_increment,
  `obj_id` int(11) NOT NULL default '0',
  `name` char(255) default NULL,
  `title` char(255) default NULL,
  `default_type` int(10) unsigned NOT NULL default '0',
  `parent` int(11) default '0',
  `path` char(255) default NULL,
  PRIMARY KEY  (`id`)
) ENGINE=MyISAM DEFAULT CHARSET=utf8;

#
# Data for the `catalogue_catalogueFolder` table  (LIMIT 0,500)
#

INSERT INTO `catalogue_catalogueFolder` (`id`, `obj_id`, `name`, `title`, `default_type`, `parent`, `path`) VALUES 
  (1,241,'root','Основной',0,1,'root'),
  (5,481,'mobile','Телефоны',7,5,'root/mobile'),
  (10,486,'books','Книги',0,10,'root/books'),
  (11,487,'fantazy','Фантастика',0,11,'root/books/fantazy'),
  (12,488,'tech','Техническая литература',11,12,'root/books/tech');

COMMIT;

#
# Structure for the `catalogue_catalogueFolder_tree` table : 
#

DROP TABLE IF EXISTS `catalogue_catalogueFolder_tree`;

CREATE TABLE `catalogue_catalogueFolder_tree` (
  `id` int(10) NOT NULL auto_increment,
  `lkey` int(10) NOT NULL default '0',
  `rkey` int(10) NOT NULL default '0',
  `level` int(10) NOT NULL default '0',
  PRIMARY KEY  (`id`),
  KEY `left_key` (`lkey`,`rkey`,`level`),
  KEY `level` (`level`,`lkey`),
  KEY `rkey` (`rkey`)
) ENGINE=MyISAM DEFAULT CHARSET=utf8;

#
# Data for the `catalogue_catalogueFolder_tree` table  (LIMIT 0,500)
#

INSERT INTO `catalogue_catalogueFolder_tree` (`id`, `lkey`, `rkey`, `level`) VALUES 
  (1,1,10,1),
  (5,2,3,2),
  (10,4,9,2),
  (11,5,6,3),
  (12,7,8,3);

COMMIT;

#
# Structure for the `catalogue_catalogue_data` table : 
#

DROP TABLE IF EXISTS `catalogue_catalogue_data`;

CREATE TABLE `catalogue_catalogue_data` (
  `id` int(11) NOT NULL default '0',
  `property_type` int(11) unsigned default NULL,
  `text` text,
  `char` varchar(255) default NULL,
  `int` int(11) default NULL,
  `float` float(9,3) default NULL,
  UNIQUE KEY `id` (`id`,`property_type`)
) ENGINE=MyISAM DEFAULT CHARSET=utf8 ROW_FORMAT=FIXED;

#
# Data for the `catalogue_catalogue_data` table  (LIMIT 0,500)
#

INSERT INTO `catalogue_catalogue_data` (`id`, `property_type`, `text`, `char`, `int`, `float`) VALUES 
  (6,27,'Книга посвящена новей',NULL,NULL,NULL),
  (6,24,NULL,'В.В. Фаронов',NULL,NULL),
  (6,25,NULL,NULL,640,NULL),
  (6,26,NULL,'',NULL,NULL),
  (7,24,NULL,'',NULL,NULL),
  (7,25,NULL,NULL,448,NULL),
  (7,26,NULL,'',NULL,NULL),
  (7,27,'Учебник состоит из 12 уроков-тем, объединенных единой тематикой и содержащих: основной текст, назначением которого является обучение чтению технической литературы по специальностям ма',NULL,NULL,NULL),
  (8,28,NULL,'GSM 900/1800/1900',NULL,NULL),
  (8,29,NULL,'91 г.',NULL,NULL),
  (8,30,NULL,'106.4 x 43.6 x 11.7',NULL,NULL),
  (9,28,NULL,'GSM 850/900/1800/1900',NULL,NULL),
  (9,29,NULL,'115 г.',NULL,NULL),
  (9,30,NULL,'105 x 49 x 15.5',NULL,NULL),
  (10,28,NULL,'GSM 850/900/1800/1900',NULL,NULL),
  (10,29,NULL,'',NULL,NULL),
  (10,30,NULL,'103 x 42 x 16',NULL,NULL),
  (11,24,NULL,'С. Лукьяненко',NULL,NULL),
  (11,25,NULL,NULL,0,NULL),
  (11,26,NULL,'',NULL,NULL),
  (11,27,'От создателя первого российского блок-бастера \"Ночной дозор\"! Отчаянный наемный телохранитель Кей Альтос беспощаден к себе и к миру, в котором вынужден жить. Его родина уничтожена, его домом стал Космос, его работой сделалась смерть.',NULL,NULL,NULL),
  (12,49,NULL,NULL,NULL,NULL),
  (12,50,NULL,NULL,NULL,NULL),
  (12,51,'Эти стаканчики-непроливайки - настоящая находка для родителей и очень удобная вещь для детей! Теперь ребенок может не бояться пролить воду с краской из стакана на любимую мамину скатерть и можно полностью отдаться творческому процессу.',NULL,NULL,NULL),
  (13,49,NULL,NULL,2,NULL),
  (13,50,NULL,NULL,1178543636,NULL),
  (13,51,NULL,NULL,0,NULL),
  (14,24,NULL,'Эд Леки-Томпсон, Хьяо Айде-Гудман, Алек Коув, Стивен Д. Новицки',NULL,NULL),
  (14,25,NULL,NULL,604,NULL),
  (14,26,NULL,'\"Диалектика\"',NULL,NULL),
  (14,27,'В данном практическом руководстве продемонстрирована вся мощь и гибкость языка PHP и даны полезные советы программистам. В этой книге показано, как построить мас',NULL,NULL,NULL),
  (15,49,NULL,NULL,0,NULL),
  (15,50,NULL,NULL,1181014750,NULL),
  (15,51,'Бархатная раскраска выгодно отличается от обычных раскрасок. Ее бархатная поверхность вокруг раскра',NULL,NULL,NULL),
  (17,55,NULL,NULL,0,NULL),
  (17,56,NULL,NULL,1,NULL);

COMMIT;

#
# Structure for the `catalogue_catalogue_properties` table : 
#

DROP TABLE IF EXISTS `catalogue_catalogue_properties`;

CREATE TABLE `catalogue_catalogue_properties` (
  `id` int(11) unsigned NOT NULL auto_increment,
  `name` varchar(255) default NULL,
  `title` varchar(255) default NULL,
  `type_id` int(11) unsigned default NULL,
  `args` text,
  PRIMARY KEY  (`id`),
  KEY `name` (`name`)
) ENGINE=MyISAM DEFAULT CHARSET=utf8;

#
# Data for the `catalogue_catalogue_properties` table  (LIMIT 0,500)
#

INSERT INTO `catalogue_catalogue_properties` (`id`, `name`, `title`, `type_id`, `args`) VALUES 
  (10,'author','Автор',1,''),
  (11,'pagescount','Количество страниц',3,NULL),
  (12,'izdat','',1,''),
  (13,'annotation','Аннотация',4,''),
  (14,'standart','Стандарт',1,''),
  (15,'weight','Вес',1,''),
  (16,'size','Размеры',1,''),
  (24,'madein','Страна изготовитель',5,'a:3:{i:0;s:0:\"\";i:1;s:10:\"Китай\";i:2;s:12:\"Россия\";}'),
  (25,'storedata','Дата поступления на склад',6,'%H:%M:%S %d/%B/%Y'),
  (26,'about','Описание',4,NULL),
  (31,'test1','Динамический селект',7,'a:7:{s:7:\"section\";s:4:\"user\";s:6:\"module\";s:4:\"user\";s:2:\"do\";s:4:\"user\";s:12:\"searchMethod\";s:9:\"searchAll\";s:13:\"extractMethod\";s:8:\"getLogin\";s:4:\"args\";N;s:8:\"optional\";b:1;}'),
  (32,'img','',8,'a:2:{s:7:\"section\";s:11:\"fileManager\";s:8:\"folderId\";i:1;}');

COMMIT;

#
# Structure for the `catalogue_catalogue_properties_types` table : 
#

DROP TABLE IF EXISTS `catalogue_catalogue_properties_types`;

CREATE TABLE `catalogue_catalogue_properties_types` (
  `id` int(11) unsigned NOT NULL auto_increment,
  `name` varchar(255) default NULL,
  `title` varchar(255) NOT NULL default '',
  PRIMARY KEY  (`id`)
) ENGINE=MyISAM DEFAULT CHARSET=utf8;

#
# Data for the `catalogue_catalogue_properties_types` table  (LIMIT 0,500)
#

INSERT INTO `catalogue_catalogue_properties_types` (`id`, `name`, `title`) VALUES 
  (1,'char','строка'),
  (2,'float','число с плавающей точкой'),
  (3,'int','целое число'),
  (4,'text','текст'),
  (5,'select','обычный список'),
  (6,'datetime','дата и время'),
  (7,'dynamicselect','динамический список'),
  (8,'img','изображение');

COMMIT;

#
# Structure for the `catalogue_catalogue_types` table : 
#

DROP TABLE IF EXISTS `catalogue_catalogue_types`;

CREATE TABLE `catalogue_catalogue_types` (
  `id` int(11) unsigned NOT NULL auto_increment,
  `name` char(255) default NULL,
  `title` char(255) default NULL,
  PRIMARY KEY  (`id`)
) ENGINE=MyISAM DEFAULT CHARSET=utf8;

#
# Data for the `catalogue_catalogue_types` table  (LIMIT 0,500)
#

INSERT INTO `catalogue_catalogue_types` (`id`, `name`, `title`) VALUES 
  (7,'mobile','Мобильный телефон'),
  (8,'books','Книги'),
  (9,'childrens','Детский мир'),
  (11,'test1','test1');

COMMIT;

#
# Structure for the `catalogue_catalogue_types_props` table : 
#

DROP TABLE IF EXISTS `catalogue_catalogue_types_props`;

CREATE TABLE `catalogue_catalogue_types_props` (
  `id` int(11) unsigned NOT NULL auto_increment,
  `type_id` int(11) unsigned default NULL,
  `property_id` int(11) unsigned default NULL,
  `sort` int(11) unsigned default '0',
  `isFull` tinyint(1) NOT NULL default '1',
  `isShort` tinyint(1) NOT NULL default '0',
  PRIMARY KEY  (`id`),
  UNIQUE KEY `type_id` (`type_id`,`property_id`),
  KEY `property_id` (`property_id`)
) ENGINE=MyISAM DEFAULT CHARSET=utf8;

#
# Data for the `catalogue_catalogue_types_props` table  (LIMIT 0,500)
#

INSERT INTO `catalogue_catalogue_types_props` (`id`, `type_id`, `property_id`, `sort`, `isFull`, `isShort`) VALUES 
  (24,8,10,2,0,1),
  (25,8,11,5,0,0),
  (26,8,12,1,0,1),
  (27,8,13,4,0,1),
  (28,7,14,2,1,0),
  (29,7,15,1,0,1),
  (30,7,16,6,0,1),
  (49,9,24,0,0,0),
  (50,9,25,0,0,0),
  (51,9,26,0,0,1),
  (55,11,31,0,0,0),
  (56,11,32,0,0,0);

COMMIT;

#
# Structure for the `comments_comments` table : 
#

DROP TABLE IF EXISTS `comments_comments`;

CREATE TABLE `comments_comments` (
  `id` int(11) unsigned NOT NULL auto_increment,
  `obj_id` int(11) unsigned default NULL,
  `text` text,
  `author` int(11) unsigned default NULL,
  `time` int(11) unsigned default NULL,
  `folder_id` int(11) unsigned default NULL,
  PRIMARY KEY  (`id`)
) ENGINE=MyISAM DEFAULT CHARSET=utf8;

#
# Data for the `comments_comments` table  (LIMIT 0,500)
#

INSERT INTO `comments_comments` (`id`, `obj_id`, `text`, `author`, `time`, `folder_id`) VALUES 
  (25,135,'asdfsdfg',2,1164000450,14);

COMMIT;

#
# Structure for the `comments_commentsFolder` table : 
#

DROP TABLE IF EXISTS `comments_commentsFolder`;

CREATE TABLE `comments_commentsFolder` (
  `id` int(11) unsigned NOT NULL auto_increment,
  `obj_id` int(11) unsigned default NULL,
  `parent_id` int(11) unsigned default NULL,
  PRIMARY KEY  (`id`),
  KEY `parent_id` (`parent_id`)
) ENGINE=MyISAM DEFAULT CHARSET=utf8;

#
# Data for the `comments_commentsFolder` table  (LIMIT 0,500)
#

INSERT INTO `comments_commentsFolder` (`id`, `obj_id`, `parent_id`) VALUES 
  (14,134,9),
  (16,145,10),
  (18,171,164),
  (19,172,165),
  (20,173,166),
  (21,174,170),
  (22,175,11),
  (23,177,6),
  (34,469,458),
  (35,470,355),
  (36,471,400),
  (37,477,330),
  (38,504,468),
  (39,535,452),
  (40,570,537),
  (41,591,573),
  (42,596,594),
  (43,607,604),
  (44,614,612),
  (45,631,626),
  (46,668,463),
  (47,669,456),
  (48,783,780),
  (49,836,777),
  (50,1160,331),
  (51,1167,459),
  (52,1171,445),
  (53,1223,1208),
  (54,1226,1220),
  (55,1227,1204),
  (56,1229,1200);

COMMIT;

#
# Structure for the `faq_faq` table : 
#

DROP TABLE IF EXISTS `faq_faq`;

CREATE TABLE `faq_faq` (
  `id` int(11) NOT NULL auto_increment,
  `question` varchar(255) default NULL,
  `answer` text,
  `category_id` int(10) unsigned default NULL,
  `obj_id` int(11) default NULL,
  PRIMARY KEY  (`id`)
) ENGINE=MyISAM DEFAULT CHARSET=utf8;

#
# Data for the `faq_faq` table  (LIMIT 0,500)
#

INSERT INTO `faq_faq` (`id`, `question`, `answer`, `category_id`, `obj_id`) VALUES 
  (1,'Надо ли мне верить в розового жирафика, чтобы пользоваться mzz?','Желательно, но вовсе необязательно',1,872),
  (2,'Вопрос','ответ',1,878);

COMMIT;

#
# Structure for the `faq_faqCategory` table : 
#

DROP TABLE IF EXISTS `faq_faqCategory`;

CREATE TABLE `faq_faqCategory` (
  `id` int(11) NOT NULL auto_increment,
  `name` char(255) default NULL,
  `title` char(255) default NULL,
  `obj_id` int(10) unsigned default NULL,
  PRIMARY KEY  (`id`)
) ENGINE=MyISAM DEFAULT CHARSET=utf8;

#
# Data for the `faq_faqCategory` table  (LIMIT 0,500)
#

INSERT INTO `faq_faqCategory` (`id`, `name`, `title`, `obj_id`) VALUES 
  (1,'demo','Демо',870);

COMMIT;

#
# Structure for the `fileManager_file` table : 
#

DROP TABLE IF EXISTS `fileManager_file`;

CREATE TABLE `fileManager_file` (
  `id` int(11) unsigned NOT NULL auto_increment,
  `realname` varchar(255) default 'имя в фс в каталоге на сервере',
  `name` varchar(255) default 'имя с которым файл будет отдаваться клиенту',
  `ext` varchar(20) default NULL,
  `size` int(11) default NULL,
  `modified` int(11) default NULL,
  `downloads` int(11) default NULL,
  `right_header` tinyint(4) default NULL,
  `about` text,
  `folder_id` int(11) unsigned default NULL,
  `obj_id` int(11) unsigned default NULL,
  PRIMARY KEY  (`id`),
  UNIQUE KEY `realname` (`realname`),
  KEY `folder_id` (`folder_id`,`name`,`ext`)
) ENGINE=MyISAM DEFAULT CHARSET=utf8;

#
# Data for the `fileManager_file` table  (LIMIT 0,500)
#

INSERT INTO `fileManager_file` (`id`, `realname`, `name`, `ext`, `size`, `modified`, `downloads`, `right_header`, `about`, `folder_id`, `obj_id`) VALUES 
  (1,'161577520fa51c296ac29682a28ab915','1.jpg','jpg',41037,1189865423,28,1,'По фамилии Fernandes',5,611),
  (15,'a0494eeadea195b23bc2947780346d47','2.jpg','jpg',28565,1193874091,NULL,1,'',5,1195),
  (16,'10fb1fa8b1d8cc73842511e6d77fb441','3.jpg','jpg',36957,1193988649,2,1,'',5,1199),
  (17,'f7566302d872ec98768bfa775b5c7dce','4.jpg','jpg',32557,1193988652,2,1,'',5,1203),
  (18,'eca188a35070342d2daa3d11b904d32f','5.jpg','jpg',31552,1193988032,3,1,'',5,1207),
  (23,'fc6bfaf392fd56f0c1353a304ee609f0','6.jpg','jpg',33454,1193874183,NULL,1,'',5,1215),
  (24,'c77d18916bbfc6c1b7e25fd66d1055ae','7.jpg','jpg',28233,1193988674,2,1,'',5,1219);

COMMIT;

#
# Structure for the `fileManager_folder` table : 
#

DROP TABLE IF EXISTS `fileManager_folder`;

CREATE TABLE `fileManager_folder` (
  `id` int(11) unsigned NOT NULL auto_increment,
  `name` char(255) default NULL,
  `title` char(255) default NULL,
  `parent` int(11) unsigned default NULL,
  `path` char(255) default NULL,
  `obj_id` int(11) unsigned default NULL,
  `filesize` int(11) unsigned default NULL,
  `exts` char(255) default NULL,
  PRIMARY KEY  (`id`)
) ENGINE=MyISAM DEFAULT CHARSET=utf8;

#
# Data for the `fileManager_folder` table  (LIMIT 0,500)
#

INSERT INTO `fileManager_folder` (`id`, `name`, `title`, `parent`, `path`, `obj_id`, `filesize`, `exts`) VALUES 
  (1,'root','/',1,'root',195,NULL,NULL),
  (5,'gallery','Галерея',5,'root/gallery',533,0,'jpg'),
  (7,'extras','extras',7,'root/extras',1093,0,'');

COMMIT;

#
# Structure for the `fileManager_folder_tree` table : 
#

DROP TABLE IF EXISTS `fileManager_folder_tree`;

CREATE TABLE `fileManager_folder_tree` (
  `id` int(10) NOT NULL auto_increment,
  `lkey` int(10) NOT NULL default '0',
  `rkey` int(10) NOT NULL default '0',
  `level` int(10) NOT NULL default '0',
  PRIMARY KEY  (`id`),
  KEY `left_key` (`lkey`,`rkey`,`level`),
  KEY `level` (`level`,`lkey`),
  KEY `rkey` (`rkey`)
) ENGINE=MyISAM DEFAULT CHARSET=utf8;

#
# Data for the `fileManager_folder_tree` table  (LIMIT 0,500)
#

INSERT INTO `fileManager_folder_tree` (`id`, `lkey`, `rkey`, `level`) VALUES 
  (1,1,6,1),
  (5,2,3,2),
  (7,4,5,2);

COMMIT;

#
# Structure for the `forum_category` table : 
#

DROP TABLE IF EXISTS `forum_category`;

CREATE TABLE `forum_category` (
  `id` int(11) unsigned NOT NULL auto_increment,
  `title` char(255) default NULL,
  `order` int(11) default NULL,
  `obj_id` int(11) default NULL,
  PRIMARY KEY  (`id`)
) ENGINE=MyISAM DEFAULT CHARSET=utf8;

#
# Data for the `forum_category` table  (LIMIT 0,500)
#

INSERT INTO `forum_category` (`id`, `title`, `order`, `obj_id`) VALUES 
  (1,'main',1,880),
  (2,'новая категория2',100,935);

COMMIT;

#
# Structure for the `forum_forum` table : 
#

DROP TABLE IF EXISTS `forum_forum`;

CREATE TABLE `forum_forum` (
  `id` int(11) unsigned NOT NULL auto_increment,
  `title` char(255) default NULL,
  `category_id` int(11) default NULL,
  `order` int(11) default NULL,
  `obj_id` int(11) default NULL,
  `threads_count` int(11) default '0',
  `posts_count` int(11) default '0',
  `last_post` int(11) default NULL,
  `description` char(255) default NULL,
  PRIMARY KEY  (`id`)
) ENGINE=MyISAM DEFAULT CHARSET=utf8;

#
# Data for the `forum_forum` table  (LIMIT 0,500)
#

INSERT INTO `forum_forum` (`id`, `title`, `category_id`, `order`, `obj_id`, `threads_count`, `posts_count`, `last_post`, `description`) VALUES 
  (1,'Новый форум',1,100,881,2,7,59,'Описание'),
  (2,'lol2? :)',1,10,936,9,50,83,NULL),
  (3,'ещё один тупой форум',2,0,937,1,1,58,NULL);

COMMIT;

#
# Structure for the `forum_post` table : 
#

DROP TABLE IF EXISTS `forum_post`;

CREATE TABLE `forum_post` (
  `id` int(11) unsigned NOT NULL auto_increment,
  `text` text,
  `author` int(11) default NULL,
  `post_date` int(11) default NULL,
  `edit_date` int(11) default NULL,
  `thread_id` int(11) default NULL,
  `obj_id` int(11) default NULL,
  PRIMARY KEY  (`id`),
  KEY `thread_id` (`thread_id`,`id`),
  KEY `post_date` (`post_date`,`thread_id`)
) ENGINE=MyISAM DEFAULT CHARSET=utf8;

#
# Data for the `forum_post` table  (LIMIT 0,500)
#

INSERT INTO `forum_post` (`id`, `text`, `author`, `post_date`, `edit_date`, `thread_id`, `obj_id`) VALUES 
  (1,'Пост 1',2,10,NULL,1,886),
  (2,'Пост 2',2,231654,NULL,1,887),
  (3,'adfwqer',2,1187931976,NULL,4,896),
  (4,'sd',2,1187932074,NULL,5,900),
  (5,'tyr',2,1187932122,NULL,6,904),
  (6,'типа пост ;)',2,1187932173,NULL,7,908),
  (7,'хехе',2,1188183439,NULL,7,911),
  (8,'фывафыва',2,1188183538,NULL,7,912),
  (9,'апорапоапо',2,1188183541,NULL,7,913),
  (10,'аправрва',2,1188183547,NULL,7,914),
  (11,'апоровыапывпывп',2,1188183565,1188184207,7,915),
  (12,'апороsdfgfsdgф11123',2,1188184047,1188184202,7,916),
  (13,'fhdfh',2,1188184816,NULL,1,918),
  (14,'гы, сына, лол',2,1188184821,1188184843,1,919),
  (15,'ывапывп',2,1188185186,NULL,1,920),
  (16,'апоапоапо',2,1188185191,NULL,1,921),
  (17,'р',2,1188185213,NULL,8,924),
  (18,'ббб',2,1188185309,NULL,9,928),
  (19,'олрплпрл',2,1188185316,NULL,9,931),
  (20,'апопаоапо',2,1188185344,NULL,8,932),
  (21,'выапывапывп',2,1188185811,NULL,1,933),
  (22,'выапывапывп',2,1188185812,NULL,1,934),
  (23,'тупой пост в тупом треде',2,1188188069,NULL,10,939),
  (24,'wqerqwr',2,1188258626,1188273213,11,943),
  (25,'wqer',2,1188258638,NULL,11,946),
  (26,'et',2,1188258769,NULL,13,951),
  (27,'rqwerqwer',2,1188258878,NULL,14,956),
  (28,'афигеть',2,1188259934,NULL,15,962),
  (29,'ввыапыва',2,1188260003,NULL,16,966),
  (30,'аврукенк',2,1188260016,NULL,11,969),
  (31,'пррррррррррррр',2,1188260032,1188270981,11,970),
  (32,'пппппппппппп213',2,1188260041,1188271043,11,971),
  (33,'fuck2',2,1188260115,1188269047,11,972),
  (34,'фывфыв',2,1188261500,NULL,17,974),
  (35,'ывфафыва',2,1188261508,NULL,18,978),
  (36,'sadfasdfasd',2,1188263244,NULL,11,981),
  (37,'sadfwe',2,1188267686,NULL,1,983),
  (38,'wrtwert',2,1188267690,NULL,1,984),
  (39,'asd',2,1188267692,1188267896,1,985),
  (40,'dsgertwet111111111111111',3,1188267913,1188267942,15,986),
  (41,'342341sgrt',3,1188267928,1188267938,15,987),
  (42,'фывафывф',2,1188271348,NULL,19,989),
  (43,'фывафывф',2,1188271367,NULL,20,993),
  (44,'pots11dsfgsdg',2,1188271395,1188272058,21,997),
  (45,'ewqrqwrqwr',2,1188271613,NULL,21,1002),
  (46,'подрочил, спасибо',3,1188272475,NULL,11,1003),
  (47,'af\r\nqwer\r\nwer\r\n<a href=\"\">asdsa</a>',2,1188273099,NULL,11,1007),
  (48,'qqqqqq',2,1188277016,NULL,11,1008),
  (49,'sdfgsdg',3,1188277068,NULL,11,1009),
  (50,'1',3,1188277743,NULL,11,1010),
  (51,'2',3,1188277744,NULL,11,1011),
  (52,'3',3,1188277746,NULL,11,1012),
  (53,'4',3,1188277748,NULL,11,1013),
  (54,'5',3,1188277750,NULL,11,1014),
  (55,'asdf',2,1188277831,NULL,11,1015),
  (56,'safd',2,1188427896,NULL,18,1016),
  (57,'sdaf',2,1188433087,NULL,18,1020),
  (58,'twetwert',2,1188433629,NULL,22,1026),
  (59,'etwetew',2,1188434684,NULL,23,1032),
  (60,'wqerqwer',3,1188435034,NULL,18,1037),
  (61,'sadfasdf',3,1188435037,NULL,18,1041),
  (62,'dsgsdfg',3,1188435039,NULL,18,1045),
  (63,'sadf',3,1188435064,NULL,18,1049),
  (64,'qwer',3,1188435066,NULL,18,1053),
  (65,'qwre',3,1188435069,NULL,18,1057),
  (66,'qwer',3,1188435071,NULL,18,1061),
  (67,'qwre',3,1188435073,NULL,18,1065),
  (68,'saf',3,1188435741,NULL,18,1069),
  (69,'asfd',3,1188435744,NULL,18,1073),
  (70,'qwre',3,1188435751,NULL,18,1077),
  (71,'wqr',3,1188435753,NULL,18,1081),
  (72,'wert',3,1188435756,NULL,18,1085),
  (73,'sdafwa',3,1188441492,NULL,18,1089),
  (74,'jhgjhg добавлено sadf добавлено dsfgdsg добавлено dh',2,1189549156,1189549990,18,1100),
  (75,'asd\r\nдобавлено\r\nwerwqer\r\n\r\nдобавлено\r\n\r\ndsfgdsg\r\n\r\nдобавлено\r\n\r\nsgfsdgsdgsdfgdsfgdsfgdsfg',2,1189550150,1189550150,18,1104),
  (76,'eqrqewr',2,1189555660,NULL,24,1117),
  (77,'werwq',3,1189555862,NULL,18,1126),
  (78,'sdfgsdfg11',2,1189558203,1189569116,18,1130),
  (79,'sadfsdf\r\n\r\nдобавлено\r\n\r\nq',2,1189569139,1189569139,18,1134),
  (80,'sadfsaf',3,1190000102,NULL,18,1149),
  (81,'sadf',3,1190000328,NULL,24,1153),
  (82,'asd',3,1190001030,NULL,17,1155),
  (83,'dsg',3,1190001045,NULL,21,1159);

COMMIT;

#
# Structure for the `forum_thread` table : 
#

DROP TABLE IF EXISTS `forum_thread`;

CREATE TABLE `forum_thread` (
  `id` int(11) unsigned NOT NULL auto_increment,
  `title` char(255) default NULL,
  `posts_count` int(11) default '-1',
  `post_date` int(11) default NULL,
  `author` int(11) default NULL,
  `forum_id` int(11) default NULL,
  `obj_id` int(11) default NULL,
  `last_post` int(11) default NULL,
  `closed` tinyint(4) default NULL,
  `first_post` int(11) default NULL,
  `view_count` int(11) default '0',
  PRIMARY KEY  (`id`),
  KEY `post_date` (`post_date`,`id`)
) ENGINE=MyISAM DEFAULT CHARSET=utf8;

#
# Data for the `forum_thread` table  (LIMIT 0,500)
#

INSERT INTO `forum_thread` (`id`, `title`, `posts_count`, `post_date`, `author`, `forum_id`, `obj_id`, `last_post`, `closed`, `first_post`, `view_count`) VALUES 
  (1,'новый тред',7,15,2,1,885,39,NULL,NULL,NULL),
  (4,'sadfsadf',1,1187931976,2,1,895,11,NULL,NULL,NULL),
  (5,'q',1,1187932074,2,1,899,11,NULL,NULL,NULL),
  (6,'fdhd',0,1187932122,2,1,903,11,NULL,NULL,NULL),
  (7,'стас кобан',0,1187932173,2,1,907,12,NULL,NULL,NULL),
  (8,'уцкецуе',1,1188185213,2,1,923,20,NULL,NULL,NULL),
  (9,'ааа',1,1188185309,2,1,927,19,NULL,NULL,NULL),
  (10,'тред в тупом форуме',0,1188188069,2,3,938,23,NULL,NULL,NULL),
  (11,'asf2',16,1188258626,2,2,942,55,0,24,2),
  (13,'ewrt',0,1188258769,2,2,950,26,NULL,NULL,NULL),
  (14,'qwerqwe',0,1188258878,2,2,954,27,NULL,NULL,NULL),
  (15,'хыхы',2,1188259934,2,1,960,41,NULL,NULL,NULL),
  (16,'ывп',0,1188260003,2,2,965,29,NULL,NULL,NULL),
  (17,'ещё тема',1,1188261500,2,2,973,82,NULL,NULL,1),
  (18,'и ещё тема',22,1188261508,2,2,977,80,NULL,76,1006),
  (21,'first post',2,1188271395,2,2,996,83,0,44,3),
  (22,'wetwe',0,1188433629,2,3,1024,58,NULL,58,NULL),
  (23,'etw',0,1188434684,2,1,1031,59,NULL,59,NULL),
  (24,'qwrw',1,1189555660,2,2,1116,81,NULL,76,8);

COMMIT;

#
# Structure for the `gallery_album` table : 
#

DROP TABLE IF EXISTS `gallery_album`;

CREATE TABLE `gallery_album` (
  `id` int(11) unsigned NOT NULL auto_increment,
  `gallery_id` int(11) unsigned default NULL,
  `name` char(255) default NULL,
  `pics_number` int(11) default NULL,
  `created` int(11) default NULL,
  `main_photo` int(11) NOT NULL default '0',
  `obj_id` int(11) default NULL,
  PRIMARY KEY  (`id`)
) ENGINE=MyISAM DEFAULT CHARSET=utf8;

#
# Data for the `gallery_album` table  (LIMIT 0,500)
#

INSERT INTO `gallery_album` (`id`, `gallery_id`, `name`, `pics_number`, `created`, `main_photo`, `obj_id`) VALUES 
  (1,1,'Женщина',1,NULL,0,537),
  (2,1,'Автомобили',4,1193874063,0,1193),
  (3,1,'Автомобили Audi',2,1193874075,0,1194);

COMMIT;

#
# Structure for the `gallery_gallery` table : 
#

DROP TABLE IF EXISTS `gallery_gallery`;

CREATE TABLE `gallery_gallery` (
  `id` int(11) unsigned NOT NULL auto_increment,
  `owner` int(11) unsigned default NULL,
  `created` int(11) default NULL,
  `updated` int(11) default NULL,
  `obj_id` int(11) default NULL,
  PRIMARY KEY  (`id`)
) ENGINE=MyISAM DEFAULT CHARSET=utf8;

#
# Data for the `gallery_gallery` table  (LIMIT 0,500)
#

INSERT INTO `gallery_gallery` (`id`, `owner`, `created`, `updated`, `obj_id`) VALUES 
  (1,2,1179050922,1179050922,536);

COMMIT;

#
# Structure for the `gallery_photo` table : 
#

DROP TABLE IF EXISTS `gallery_photo`;

CREATE TABLE `gallery_photo` (
  `id` int(11) unsigned NOT NULL auto_increment,
  `album_id` int(11) default NULL,
  `name` char(255) default NULL,
  `size_x` int(11) default NULL,
  `size_y` int(11) default NULL,
  `obj_id` int(11) default NULL,
  PRIMARY KEY  (`id`),
  KEY `album_id` (`album_id`)
) ENGINE=MyISAM DEFAULT CHARSET=utf8;

#
# Data for the `gallery_photo` table  (LIMIT 0,500)
#

INSERT INTO `gallery_photo` (`id`, `album_id`, `name`, `size_x`, `size_y`, `obj_id`) VALUES 
  (1,1,'Collien',NULL,NULL,612),
  (2,2,'BMW 7',NULL,NULL,1196),
  (3,2,'BMW X5',NULL,NULL,1200),
  (4,2,'Porsche Carrera',NULL,NULL,1204),
  (5,2,'Mercedes SLR',NULL,NULL,1208),
  (6,3,'Audi S6',NULL,NULL,1216),
  (7,3,'Audi A5',NULL,NULL,1220);

COMMIT;

#
# Structure for the `menu_menu` table : 
#

DROP TABLE IF EXISTS `menu_menu`;

CREATE TABLE `menu_menu` (
  `id` int(11) NOT NULL auto_increment,
  `name` varchar(255) NOT NULL default '',
  `title` varchar(255) NOT NULL default '',
  `obj_id` int(11) default NULL,
  PRIMARY KEY  (`id`)
) ENGINE=MyISAM DEFAULT CHARSET=utf8;

#
# Data for the `menu_menu` table  (LIMIT 0,500)
#

INSERT INTO `menu_menu` (`id`, `name`, `title`, `obj_id`) VALUES 
  (5,'demo','Демо-меню',660),
  (6,'hmenu','Верхнее меню',1185),
  (7,'smenu','Боковое меню',1234);

COMMIT;

#
# Structure for the `menu_menuItem` table : 
#

DROP TABLE IF EXISTS `menu_menuItem`;

CREATE TABLE `menu_menuItem` (
  `id` int(11) NOT NULL auto_increment,
  `parent_id` int(10) unsigned NOT NULL default '0',
  `type_id` int(10) unsigned default NULL,
  `menu_id` int(10) unsigned default NULL,
  `title` varchar(255) NOT NULL default '',
  `order` int(10) unsigned default '0',
  `obj_id` int(10) unsigned default NULL,
  PRIMARY KEY  (`id`)
) ENGINE=MyISAM DEFAULT CHARSET=utf8 PACK_KEYS=0;

#
# Data for the `menu_menuItem` table  (LIMIT 0,500)
#

INSERT INTO `menu_menuItem` (`id`, `parent_id`, `type_id`, `menu_id`, `title`, `order`, `obj_id`) VALUES 
  (1,0,2,5,'Новости',1,661),
  (2,0,2,5,'Страницы',1,662),
  (3,0,2,5,'Каталог',1,663),
  (4,0,2,5,'Галерея',2,664),
  (5,0,2,5,'Пользователи',3,665),
  (6,0,2,5,'Панель управления',5,666),
  (7,0,2,5,'Сообщения',6,815),
  (8,0,2,5,'Форум',7,888),
  (9,0,2,6,'Новости',1,1186),
  (10,0,2,6,'Каталог',1,1187),
  (11,0,2,6,'Галерея',1,1188),
  (12,0,2,6,'Вопросы и ответы',2,1189),
  (13,0,2,6,'Форум',3,1190),
  (14,0,2,6,'ПУ',4,1191),
  (18,0,1,7,'Новости',1,1238),
  (19,18,1,7,'Главное',1,1239),
  (20,0,1,7,'Каталог',2,1240),
  (21,20,1,7,'Техническая литература',1,1241),
  (22,0,1,7,'FAQ',3,1242),
  (23,22,1,7,'Демо',1,1243);

COMMIT;

#
# Structure for the `menu_menuItem_data` table : 
#

DROP TABLE IF EXISTS `menu_menuItem_data`;

CREATE TABLE `menu_menuItem_data` (
  `id` int(11) NOT NULL default '0',
  `property_type` int(11) unsigned default NULL,
  `text` text,
  `char` varchar(255) default NULL,
  `int` int(11) default NULL,
  `float` float(9,3) default NULL,
  UNIQUE KEY `id` (`id`,`property_type`)
) ENGINE=MyISAM DEFAULT CHARSET=utf8;

#
# Data for the `menu_menuItem_data` table  (LIMIT 0,500)
#

INSERT INTO `menu_menuItem_data` (`id`, `property_type`, `text`, `char`, `int`, `float`) VALUES 
  (2,2,NULL,'/page',NULL,NULL),
  (1,4,NULL,'',NULL,NULL),
  (1,2,NULL,'/news',NULL,NULL),
  (1,3,NULL,'news',NULL,NULL),
  (2,3,NULL,'page',NULL,NULL),
  (2,4,NULL,'',NULL,NULL),
  (3,2,NULL,'/catalogue',NULL,NULL),
  (3,3,NULL,'catalogue',NULL,NULL),
  (3,4,NULL,'',NULL,NULL),
  (4,2,NULL,'/gallery/admin/viewGallery',NULL,NULL),
  (4,3,NULL,'gallery',NULL,NULL),
  (4,4,NULL,'',NULL,NULL),
  (5,2,NULL,'/user/list',NULL,NULL),
  (5,3,NULL,'user',NULL,NULL),
  (5,4,NULL,'',NULL,NULL),
  (6,2,NULL,'/admin/admin',NULL,NULL),
  (6,3,NULL,'admin',NULL,NULL),
  (6,4,NULL,'',NULL,NULL),
  (7,2,NULL,'/message/incoming/list',NULL,NULL),
  (7,3,NULL,'message',NULL,NULL),
  (7,4,NULL,'',NULL,NULL),
  (8,2,NULL,'/forum/forum',NULL,NULL),
  (8,3,NULL,'forum',NULL,NULL),
  (8,4,NULL,'forum',NULL,NULL),
  (9,2,NULL,'/news',NULL,NULL),
  (9,3,NULL,'news',NULL,NULL),
  (9,4,NULL,NULL,NULL,NULL),
  (10,2,NULL,'/catalogue',NULL,NULL),
  (10,3,NULL,'catalogue',NULL,NULL),
  (10,4,NULL,NULL,NULL,NULL),
  (11,2,NULL,'/gallery/admin/viewGallery',NULL,NULL),
  (11,3,NULL,'gallery',NULL,NULL),
  (11,4,NULL,NULL,NULL,NULL),
  (12,2,NULL,'/faq',NULL,NULL),
  (12,3,NULL,'faq',NULL,NULL),
  (12,4,NULL,NULL,NULL,NULL),
  (13,2,NULL,'/forum/forum',NULL,NULL),
  (13,3,NULL,'forum',NULL,NULL),
  (13,4,NULL,NULL,NULL,NULL),
  (14,2,NULL,'/admin/admin',NULL,NULL),
  (14,3,NULL,NULL,NULL,NULL),
  (14,4,NULL,NULL,NULL,NULL),
  (19,1,NULL,'/news/main/list',NULL,NULL),
  (18,1,NULL,'/news',NULL,NULL),
  (20,1,NULL,'/catalogue',NULL,NULL),
  (21,1,NULL,'/catalogue/books/tech/list',NULL,NULL),
  (22,1,NULL,'/faq',NULL,NULL),
  (23,1,NULL,'/faq/demo/list',NULL,NULL);

COMMIT;

#
# Structure for the `menu_menuItem_properties` table : 
#

DROP TABLE IF EXISTS `menu_menuItem_properties`;

CREATE TABLE `menu_menuItem_properties` (
  `id` int(11) unsigned NOT NULL auto_increment,
  `name` varchar(255) default NULL,
  `title` varchar(255) default NULL,
  `type_id` int(11) unsigned default NULL,
  `args` text,
  PRIMARY KEY  (`id`),
  KEY `name` (`name`)
) ENGINE=MyISAM DEFAULT CHARSET=utf8;

#
# Data for the `menu_menuItem_properties` table  (LIMIT 0,500)
#

INSERT INTO `menu_menuItem_properties` (`id`, `name`, `title`, `type_id`, `args`) VALUES 
  (1,'url','Ссылка',1,NULL),
  (2,'url','Ссылка',1,NULL),
  (3,'section','section',1,NULL),
  (4,'action','action',1,NULL);

COMMIT;

#
# Structure for the `menu_menuItem_properties_types` table : 
#

DROP TABLE IF EXISTS `menu_menuItem_properties_types`;

CREATE TABLE `menu_menuItem_properties_types` (
  `id` int(11) unsigned NOT NULL auto_increment,
  `name` varchar(255) default NULL,
  `title` varchar(255) NOT NULL default '',
  PRIMARY KEY  (`id`)
) ENGINE=MyISAM DEFAULT CHARSET=utf8;

#
# Data for the `menu_menuItem_properties_types` table  (LIMIT 0,500)
#

INSERT INTO `menu_menuItem_properties_types` (`id`, `name`, `title`) VALUES 
  (1,'char','Строка');

COMMIT;

#
# Structure for the `menu_menuItem_types` table : 
#

DROP TABLE IF EXISTS `menu_menuItem_types`;

CREATE TABLE `menu_menuItem_types` (
  `id` int(11) unsigned NOT NULL auto_increment,
  `name` char(255) default NULL,
  `title` char(255) default NULL,
  PRIMARY KEY  (`id`)
) ENGINE=MyISAM DEFAULT CHARSET=utf8;

#
# Data for the `menu_menuItem_types` table  (LIMIT 0,500)
#

INSERT INTO `menu_menuItem_types` (`id`, `name`, `title`) VALUES 
  (1,'simple','Простой'),
  (2,'advanced','Advanced');

COMMIT;

#
# Structure for the `menu_menuItem_types_props` table : 
#

DROP TABLE IF EXISTS `menu_menuItem_types_props`;

CREATE TABLE `menu_menuItem_types_props` (
  `id` int(11) unsigned NOT NULL auto_increment,
  `type_id` int(11) unsigned default NULL,
  `property_id` int(11) unsigned default NULL,
  `sort` int(11) unsigned default '0',
  `isFull` tinyint(1) NOT NULL default '1',
  `isShort` tinyint(1) unsigned NOT NULL default '0',
  PRIMARY KEY  (`id`),
  UNIQUE KEY `type_id` (`type_id`,`property_id`),
  KEY `property_id` (`property_id`)
) ENGINE=MyISAM DEFAULT CHARSET=utf8;

#
# Data for the `menu_menuItem_types_props` table  (LIMIT 0,500)
#

INSERT INTO `menu_menuItem_types_props` (`id`, `type_id`, `property_id`, `sort`, `isFull`, `isShort`) VALUES 
  (1,1,1,0,1,0),
  (2,2,2,0,1,0),
  (3,2,3,0,1,0),
  (4,2,4,0,1,0);

COMMIT;

#
# Structure for the `message_message` table : 
#

DROP TABLE IF EXISTS `message_message`;

CREATE TABLE `message_message` (
  `id` int(11) unsigned NOT NULL auto_increment,
  `title` varchar(255) default NULL,
  `text` text,
  `sender` int(11) default NULL,
  `recipient` int(11) default NULL,
  `time` int(11) default NULL,
  `watched` tinyint(4) default NULL,
  `category_id` int(11) default NULL,
  `obj_id` int(11) unsigned default NULL,
  PRIMARY KEY  (`id`)
) ENGINE=MyISAM DEFAULT CHARSET=utf8;

#
# Data for the `message_message` table  (LIMIT 0,500)
#

INSERT INTO `message_message` (`id`, `title`, `text`, `sender`, `recipient`, `time`, `watched`, `category_id`, `obj_id`) VALUES 
  (1,'Превед','Превед медвед',1,2,1184625784,1,1,812),
  (2,'test','test',2,3,1194418216,0,1,1232);

COMMIT;

#
# Structure for the `message_messageCategory` table : 
#

DROP TABLE IF EXISTS `message_messageCategory`;

CREATE TABLE `message_messageCategory` (
  `id` int(11) unsigned NOT NULL auto_increment,
  `title` char(255) default NULL,
  `name` char(20) default NULL,
  `obj_id` int(11) unsigned default NULL,
  PRIMARY KEY  (`id`)
) ENGINE=MyISAM DEFAULT CHARSET=utf8;

#
# Data for the `message_messageCategory` table  (LIMIT 0,500)
#

INSERT INTO `message_messageCategory` (`id`, `title`, `name`, `obj_id`) VALUES 
  (1,'Входящие','incoming',809),
  (2,'Исходящие','sent',810),
  (3,'Корзина','recycle',811);

COMMIT;

#
# Structure for the `news_news` table : 
#

DROP TABLE IF EXISTS `news_news`;

CREATE TABLE `news_news` (
  `id` int(11) NOT NULL auto_increment,
  `obj_id` int(10) unsigned NOT NULL default '0',
  `title` varchar(255) NOT NULL default '',
  `editor` int(11) NOT NULL default '0',
  `annotation` text,
  `text` text NOT NULL,
  `folder_id` int(11) default NULL,
  `created` int(11) default NULL,
  `updated` int(11) default NULL,
  KEY `id` (`id`),
  KEY `folder_id` (`folder_id`)
) ENGINE=MyISAM DEFAULT CHARSET=utf8;

#
# Data for the `news_news` table  (LIMIT 0,500)
#

INSERT INTO `news_news` (`id`, `obj_id`, `title`, `editor`, `annotation`, `text`, `folder_id`, `created`, `updated`) VALUES 
  (9,309,'Приостановлена деятельность НБП',2,'Прокуратура Москвы приостановила деятельность НБП вплоть до ре','Прокуратура Москвы в четверг, 22 марта, приостановила деятельность НБП вплоть до ре',29,1174588081,1174588081),
  (10,310,'Задержаны трое подозреваемых в причастности к терактам в лондонском метро',2,'В ходе полицейской спецоперации 22 марта в Великобритании арестованы три человека, подозреваемых в причастности к планированию и осуществлению терактов в лондонском метро. Двое были схвачены перед посадкой в направляющийся в Пакистан самолет, за третьим полицейские при','В ходе полицейской спецоперации 22 марта в Великобритании арестованы три человека, подозреваемых в причастности к планированию и осуществлению терактов в лондонском метро 7 июля 2005 года, сообщает Sky News. Двое (23 и 30 лет) были схвачены перед посадкой в направляющийся в Пакистан самолет, за третьим (26 лет) полицейские при',18,1174588081,1174588081),
  (11,311,'',2,'Военно-морские силы ','Военно-морские силы ',18,1174588081,1174588081),
  (12,312,'Половина авиации РВСН не летает',2,'Значительная часть авиатехники и все аэродромы ракетных войск стратегического назначения нуждаются в капитальном ремонте. ','Значительная часть авиатехники и все аэропорты ракетных войск стратегического назначения нуждаются в капитальном ремонте, сообщает Р',18,1174588081,1174588081),
  (13,313,'\"Бората\" и \"Симпсонов\" разместят в Сети для бесплатного просмотра',2,'Компании News Corp. и NBC Universal объявили о планах по созданию собственного онлайн-видеосервиса. По мнению создателей пока не названного сервиса, их детище сможет составить серьезную конкуренцию видеоресурсам Google и принадлежащего последней YouTube. По имеющимся данным, доступ к размещенному на новом сайте контенту будет бесплатным.','Компании News Corp. и NBC Universal объявили о планах по созданию собственного онлайн-видеосервиса. По мнению создателей пока не названного сервиса, их детище сможет составить серьезную конкуренцию видеоресурсам Google и принадлежащего последней YouTube, сообщает Reuters. На страницах разрабатываемого сервиса будут размещаться не короткие ролики (длиной до 10 минут), как на YouTube, а целые телевизионные ',30,1174588081,1174588081),
  (14,314,'Суд запретил обсуждать реабилитацию Бритни Спирс',2,'По просьбе юристов Бритни Спирс Верховный суд Лондона выпустил постановление, запрещающее дальней','По просьбе юристов Бритни Спирс Верховный суд Лондона выпустил постановление, запрещающее дальней',18,1174588081,1174588081),
  (15,315,'Арестован проректор Санкт-Петербургского университета',2,'В Санкт-Петербурге арестован проректор по развитию материально-технической базы местного госуниверситета Лев Огнев. Замена меры пресечения с подписки о невыезде на арест была произведена накануне, но стало известно об этом только в 22 марта. Сейчас проректор находится в следственном изоляторе \"Кресты\".','В Санкт-Петербурге арестован проректор по развитию материально-технической базы местного госуниверситета Лев Огнев, который ранее находился под подпиской о невыезде, сообщает \"Росбалт\" со ссылкой на источник в правоохранительных органах. Замена меры пресечения с подписки о невыезде на содержание под стражей была произведена накануне, но стало известно об этом только 22 марта. Сейчас проректор находится в следственном изоляторе \"Кресты\". О сроках окончания следствия по его делу ничего не известно. Правоохранительные органы 5 октября 2006 года возбудили уголовное дело в отно',18,1174588081,1174588081),
  (16,316,'Пропав',2,'Поиски вертолета Ми-8 компании \"Газпромавиа\", который пропал в среду, 21 марта, в Республике Коми, продолжаются. Операцию ведут спасатели на снегоходах, она не будет приостановлена даже с наступлением темноты. Утром 23 марта к поиску присоединятся вертолеты, которые доставят спасателей в труднодоступные районы.','Поиски принадлежащего компании \"Газпромавиа\" вертолета Ми-8, который пропал в среду, 21 марта, в Республике Коми, продолжаются. Операцию ведут спасатели на снегоходах, она не будет приостановлена даже с наступлением темноты, передает Р',18,1174588081,1174588081),
  (17,317,'Питерские таможенники предотвратили незаконный вывоз запчастей для Су-27',2,'Сотрудники отдела по борьбе с особо опасными видами контрабанды Северо-западной оперативной таможни изъяли готовящиеся к отправке за границу детали для истребителей Су-27. Контейнеры с контрабандой были обнаружены в Морском порту Санкт-Петербурга. Злоумы','Сотрудники отдела по борьбе с особо опасными видами контрабанды Северо-западной оперативной таможни изъяли готовящиеся к отправке за границу детали для истребителей Су-27, сообщает \"',18,1174588081,1174588081),
  (18,318,'Пол Маккартни променял EMI на Starbucks',2,'Пол Маккартни стал первым музыкантом, заключив','Пол Маккартни стал первым музыкантом, заключив',18,1174588081,1174588081),
  (19,319,'Полузащитник сборной России рассказал о конфликте Титова и Хиддинка',2,'Главный тренер сборной России Гуус Хиддинк назвал капитана национальной команды Егора Титова главным виновником поражения в товарищеском матче с командой Нидерландов (1:4). Эта игра состоялась 7 февраля, но о конфликте капитана и тренера стало известно ли','Главный тренер сборной России Гуус Хиддинк назвал капитана национальной команды Егора Титова главным виновником поражения в товарищеском матче с командой Нидерландов (1:4). Эта игра состоялась 7 февраля, но о конфликте капитана и тренера стало известно ли',18,1174588081,1174588081),
  (20,320,'Участникам драки в Кондопоге грозит до пяти лет строгого режима',2,'Государственный обвинитель потребовал приговорить участников драки в кондопожском ресторане \"Чайка\" Сергея Мозгалева и Юрия Плиева к 5-ти и 2,5 годам ли','Государственный обвинитель потребовал приговорить участников драки в кондопожском ресторане \"Чайка\" Сергея Мозгалева и Юрия Плиева к 5-ти и 2,5 годам ли',18,1174588081,1174588081),
  (21,321,'Росприроднадзор выступил за отзыв одной из лицензий у \"АЛРОСА\"',2,'Роспророднадзор будет ходатайствовать об отзыве лицензии на кимберлитовую трубку \"Дальняя\" у самой боль','Росприроднадзор будет ходатайствовать об отзыве лицензии на кимберлитовую трубку \"Дальняя\" у самой боль',26,1174588081,1174588081),
  (22,322,'Лотерейный билет на 2 миллиона фунтов попал в пепельницу',2,'Четверо британских дорожных рабочих из графства Норфолк, выиграв','Четверо британских дорожных рабочих из графства Норфолк, выиграв',18,1174588081,1174588081),
  (23,323,'Пророссийские организации в Крыму закроют через суд',2,'Служба безопасности Украины закроет все пророссийские радикальные организации в Крыму через суд. Об этом заявил в четверг исполняющий обязанности главы СБУ Валентин Наливайченко. Он также сообщил, что мэр Москвы Юрий Лужков согласился ответить на вопросы спецслужб относительно февральского выступления в Севастополе.','Служба безопасности Украины (СБУ) закроет все пророссийские радикальные организации в Крыму через суд. Об этом, как пи',18,1174588081,1174588081),
  (24,324,'Мартина Навратилова устроила \"Боль',2,'50-летняя американская теннисистка Мартина Навратилова, обладательница 354 спортивных титулов, открыла в Париже выставку своих картин. Все они написаны в одной технике: на холстах изображены фрагменты теннисных кортов и раскра','50-летняя американская теннисистка Мартина Навратилова открыла в Париже на стадионе \"Ролан Гаррос\" выставку своих картин под названием \"Art Grand Slam\" (\"Боль',18,1174588081,1174588081),
  (25,325,'Спецслужбы Украины узнали о готовящемся поку',2,'В Службу безопасности Украины поступила информация об угрозе жизни лидера БЮТ Юлии Тимо','В Службу безопасности Украины (СБУ) поступила информация об угрозе жизни лидера БЮТ Юлии Тимо',18,1174588081,1174588081),
  (26,326,'Французский издатель карикатур на пророка Мухаммеда оправдан',2,'Парижский суд снял все обвинения с главного редактора журнала Charlie Hebdo Филиппа Валя, который опубликовал на страницах своего издания карикатуры на пророка Мухаммеда. Таким образом были отклонены жалобы ряда исламских организаций, обвинив','Парижский суд снял все обвинения с главного редактора журнала \"Шарли Эбдо\" (Charlie Hebdo) Филиппа Валя (Philippe Val), который опубликовал в феврале про',18,1174588081,1174588081),
  (27,327,'Папа Римский стал обладателем чемпионского пояса по боксу',2,'Самый знаменитый боксерский промоутер Дон Кинг побывал на общей аудиенции, которую 21 марта на площади Святого Петра в Ватикане дал Папа Римский Бенедикт XVI. Во время аудиенции Кинг вручил понтифику чемпионские пояса по самым престижным версиям – WBC, IBF и WBA, а также пояса от французской и итальянской федераций.','Самый знаменитый боксерский промоутер Дон Кинг побывал на общей аудиенции, которую 21 марта на площади Святого Петра в Ватикане дал Папа Римский Бенедикт XVI. Во время аудиенции Кинг вручил понтифику чемпионские пояса по самым престижным версиям – WBC (Всемирный боксерский совет), IBF (Международная боксерская федерация) и WBA (Всемирная боксерская ассоциация), а также пояса от французской и итальянской федераций профессионального бокса, сообщает сайт Seconds Out. Кинг признался, что получил пригла',18,1174588081,1174588081),
  (28,328,'Киргизия запретила узбекам бесплатно пасти скот на своей территории',2,'Правительство Киргизии удовлетворило ходатайство омбудсмена Турсунбая Бакир уулу и отменило распоряжение о беспо','Правительство Киргизии удовлетворило ходатайство омбудсмена Турсунбая Бакир уулу и отменило распоряжение о беспо',22,1174588081,1174588081),
  (29,329,'Португальцы опередили Кука на 250 лет',2,'Австралийский журналист Питер Трикетт утверждает, что еще до еще за 250 лет до Джеймса Кука Австралию открыл малоизвестный португальский мореплаватель Кристовао Мендонка. В доказательство Трикетт приводит португальские карты начала XVI века, которые содержат подробное изображение восточного побережья Австралии.','Австралийский журналист Питер Трикетт (Peter Trickett) утверждает, что еще до еще за 250 лет до Джеймса Кука Австралию открыл малоизвестный португальский мореплаватель Кристовао Мендонка (Cristovao Mendonca), пи',18,1174588081,1174588081),
  (30,330,'Погорельцам из латвийского пансионата снова при',2,'В ночь на 22 марта в латвийском доме престарелых \"Айзвики\" произо','В ночь на 22 марта в латвийском доме престарелых \"Айзвики\" произо',22,1174588081,1174588081),
  (31,331,'Путин подписал указ о создании \"Объединенной судостроительной корпорации\"',2,'Президент России Владимир Путин в четверг 22 марта подписал указ \"Об открытом акционерном обществе \"Объединенная судостроительная корпорация\". ОСК объединит государственные финансовые активы в судостроении - как 100-процентные во ФГУПах, так и неболь','Президент России Владимир Путин в четверг 22 марта подписал указ \"Об открытом акционерном обществе \"Объединенная судостроительная корпорация\" (ОСК), сообщает Р',25,1174588081,1174588081),
  (32,332,'Новозеландская оперная дива выиграла иск о нижнем белье',2,'Суд Сиднея признал законность отказа новозеландской оперной певицы леди Кири Те Канава от выступления вместе с австралийским рокером Джоном Фарнхэмом. В 2005 году леди Кири не согласилась участвовать в концерте \"Два великих голоса\", опасаясь поклонниц Фарнхэма, ','Суд Сиднея признал законность отказа новозеландской оперной певицы леди Кири Те Канава (Dame Kiri Te Kanawa) от выступления вместе с австралийским рокером Джоном Фарнхэмом (John Farnham). В 2005 году леди Кири не согласилась участвовать в концерте \"Два великих голоса\", опасаясь возбужденных поклонниц Фарнхэма, ',18,1174588081,1174588081),
  (33,333,'Таллин обнародовал отчет об оружии на пароме \"Эстония\"',2,'Правительство Эстонии обнародовало отчет спецкомиссии по расследованию перевозки оружия на затонув','Правительство Эстонии обнародовало отчет специальной комиссии по расследованию перевозки оружия на затонув',22,1174588081,1174588081),
  (34,334,'Ожидающих PS3 австралийцев развлечет Джеймс Бонд',2,'Австралийские геймеры станут первыми, кто получит приставку PS3 за пределами Северной Америки и Японии. Реализация первой партии консолей начнется 23 марта 2007 в полночь в Сиднее. Чтобы собрав','Австралийские геймеры станут первыми, кто официально получит приставку PlayStation 3 за пределами Северной Америки и Японии. Реализация первой партии консолей начнется 23 марта 2007 в полночь в Сиднее, сообщает AFP. Назначенное время соответствует четырем часам дня 22 марта по Москве. Представитель Sony заявил, что компания получила предварительные заказы на PS3 от десяти тысяч потенциальных покупателей. Собрав',31,1174588081,1174588081),
  (35,335,'\"На',2,'25 марта в Москве пройдет массовая акция движения \"На','25 марта в Москве пройдет массовая акция молодежного движения \"На',29,1174588081,1174588081),
  (36,336,'Евросоюз открыл небо для американских авиакомпаний',2,'Министры транспорта Евросоюза единогласно поддержали согла','Министры транспорта Евросоюза единогласно поддержали согла',25,1174588081,1174588081),
  (37,337,'Российские десантники получили БТР нового поколения',2,'В России завер','В России завер',18,1174588081,1174588081),
  (38,338,'Сторонники Ющенко призывают отобрать у России два радара',2,'Украина в самое ближай','Украина в самое ближай',18,1174588081,1174588081),
  (39,339,'Француз Бриан Жубер стал чемпионом мира по фигурному катанию',2,'В Японии, где проходит чемпионат мира по фигурному катанию, определись призеры в соревнованиях мужчин. Новым чемпионом мира стал француз Бриан Жубер, который сумел опередить японца Дайсуке Такахаси и двукратного чемпиона мира, ','В Японии, где проходит чемпионат мира по фигурному катанию, определись призеры в соревнованиях мужчин. Новым чемпионом мира стал француз Бриан Жубер, который сумел опередить японца Дайсуке Такахаси и двукратного чемпиона мира, ',18,1174588081,1174588081),
  (40,340,'Южная Корея поможет КНДР цементом и одеялами',2,'Руководство Южной Кореи обещает до конца марта возобновить гуманитарную помощь КНДР, прерванную в связи с ядерными испытаниями, которые Пхеньян провел в октябре 2006 года. Это ре','Руководство Южной Кореи обещает до конца марта возобновить гуманитарную помощь КНДР, прерванную в связи с ядерными испытаниями, которые Пхеньян провел в октябре 2006 года, сообщает AFP. Это ре',18,1174588081,1174588081),
  (41,341,'Папу объявили единственной преградой между православными и католиками',2,'Архиепископ Венский кардинал Кристоф Шенборн в интервью газете \"Труд\" заявил, что католическая и православная церкви при','Архиепископ Венский кардинал Кристоф Шенборн в интервью газете \"Труд\" заявил, что католическая и православная церкви при',18,1174588081,1174588081),
  (42,342,'Сейм Латвии отказался заботиться о культуре нацмень',2,'Латвийский сейм отклонил законопроект, вменяющий в обязанность самоуправлений республики заботу, в том числе и финансовую, о сохранении культуры нацмень','Латвийский сейм в четверг отклонил законопроект, вменяющий в обязанность самоуправлений республики заботу, в том числе и финансовую о сохранении культуры национальных мень',22,1174588081,1174588081),
  (43,343,'В Нижнем Новгороде избили малазийского студента',2,'В Нижнем Новгороде подростки избили гражданина Малайзии. Как передает ','В Нижнем Новгороде подростки избили гражданина Малайзии. Как передает \"',21,1174588081,1174588081),
  (45,345,'В Белоруссию занесло гарь из Чернобыля',2,'В зоне отчуждения около Чернобыльской АЭС сгорели несколько гектаров травы, при этом дым и остатки горения ветром отнесло в сторону Белоруссии. В МЧС Украины сообщили, что пожар уже локализован, идут замеры радиации, результаты которых станут известны уже вечером в четверг или в пятницу. Причиной пожара стало, по всей видимости, неосторожное обращение с огнем.','В зоне отчуждения около Чернобыльской АЭС, приблизительно в 8-10 километрах от самой станции, сгорели несколько гектаров травы, при этом дым и остатки горения ветром отнесло в сторону Белоруссии. Об этом пи',22,1174588081,1174588081),
  (46,346,'Рокфеллер намерен поставить мировой рекорд на арт-рынке',2,'Дэвид Рокфеллер, миллиардер и филантроп, выставит на майские торги дома Sotheby''s в Нью-Йорке картину абстрактного экспрессиониста Марка Ротко \"Белый центр\". Стоимость полотна оценена в 40 миллионов долларов: это самая высокая цена за произведение послевоенного искусства.','Дэвид Рокфеллер, миллиардер и филантроп, выставит на майские торги дома Sotheby''s в Нью-Йорке картину абстрактного экспрессиониста Марка Ротко \"Белый центр\". Стоимость полотна оценена в 40 миллионов долларов: это самая высокая цена за произведение послевоенного искусства, отмечает агентство Bloomberg. Независимо от исхода аукциона 15 мая 2007 года 91-летний Рокфеллер получит гарантированную домом Sotheby''s сумму, но ее величина не разгла',18,1174588081,1174588081),
  (47,347,'ООН признала торговлю детьми \"суровой реальностью\" Украины',2,'ООН выражает обеспокоенность развитием детской проституции на Украине. Специальный докладчик организации по вопросу о торговле детьми, детской проституции и детской порнографии Хуан Мигель Петит в своем докладе, подготовленным после посещения Украины в октябре про','Организация Объединенных Наций выражает обеспокоенность развитием детской проституции на Украине. Как пи',18,1174588081,1174588081),
  (48,348,'Минздрав предлагает сажать на 15 суток за отказ сдать анализ на наркотики',2,'Минздрав разработал поправки в КоАП, которые вводят наказание в виде ','Минздравсоцразвития разработало поправки в Административный кодекс РФ, которые вводят наказание в виде ',21,1174588081,1174588081),
  (49,349,'Египет намерен запретить полеты ',2,'Власти Египта планируют запретить полеты на свою территорию российский самолетов ','Власти Египта планируют запретить полеты на свою территорию российских самолетов ',18,1174588081,1174588081),
  (50,350,'Сборная Хиддинка потеряла еще одного полузащитника',2,'Полузащитник московского \"Динамо\" ','Полузащитник московского \"Динамо\" ',18,1174588081,1174588081),
  (51,351,'Правительство России одобрило основные параметры трехлетнего бюджета',2,'Правительство России приняло за основу основные параметры федерального бюджета на 2008-2010 годы. Премьер-министр Михаил Фрадков призвал правительство в течение ближай','Правительство России приняло за основу основные параметры федерального бюджета на 2008-2010 годы. Премьер-министр Михаил Фрадков призвал правительство в течение ближай',25,1174588081,1174588081),
  (52,352,'Накануне распродажи \"ЮКОСа\" \"Роснефть\" покинул первый вице-президент',2,'\"Роснефть\" покинул первый вице-президент компании Николай Борисенко, который, в частности, отвечал за стратегию компании в сфере слияний и поглощений. Борисенко покидает компанию накануне аукционов по продаже активов \"ЮКОСа\", на первый из которых будут выставлены 9,44 процента акций самой \"Роснефти\".','\"Роснефть\" покинул первый вице-президент компании Николай Борисенко, который отвечал за стратегию компании в сфере слияний и поглощений. Об этом сообщила пресс-служба компании. Газета \"Ведомости\" пи',26,1174588081,1174588081),
  (53,353,'Владельцы гравюры Эдварда Мунка выкупили ее у грабителей',2,'В Швеции неизвестный вернул владельцам похищенную в 2006 году гравюру Эдварда Мунка под названием \"К лесу\" стоимостью более полумиллиона долларов. За работу норвежского классика, выкраденную из частного дома, был заплачен выкуп. Поисками гравюры, выполненной в 1897 году, занимались ее хозяева.','В Швеции неизвестный вернул владельцам похищенную в 2006 году гравюру Эдварда Мунка стоимостью более полумиллиона долларов. По сведениям ',18,1174588081,1174588081),
  (54,354,'Российским военным придется доль',2,'Увеличены сроки, в течение которых должны будут служить российские военные, чтобы получить следующее звание. Соответствующие изменения внесены в Положение о порядке прохождения военной службы Указом президента РФ Владимира Путина. Коснутся они как млад','Увеличены сроки, в течение которых должны будут служить офицеры российской армии, чтобы получить следующее звание. Как пи',21,1174588081,1174588081),
  (55,355,'Резервному фонду Кудрина не хватит российской нефти и газа',2,'Министр финансов Алексей Кудрин заявил, что в 2009 году Резервному фонду, который будет создан в 2008 году, будет не хватать доходов от экспорта нефти и газа для поддержания своего объема на плановом уровне в десять процентов ВВП. В 2008 году его величина составит почти 3,5 триллиона рублей.','Министр финансов Алексей Кудрин заявил, что в 2009 году Резервному фонду, который будет создан в 2008 году, будет не хватать доходов от экспорта нефти и газа для поддержания своего объема на плановом уровне в десять процентов ВВП, сообщает Р',25,1174588081,1174588081),
  (56,356,'Представитель КНДР не дождался денег и покинул переговоры',2,'Замглавы М','Замглавы М',18,1174588081,1174588081),
  (57,357,'Оператор \"Острова\" посмертно получил профессиональную премию',2,'Премию в области киноизобразительного искусства \"Белый квадрат\" посмертно получил оператор Андрей Жегалов, чьей последней работой был фильм \"Остров\" Павла Лунгина. За эту картину его уже отметили \"Золотым Орлом\" и номинацией на \"Нику\". Почетную премию за вклад в кино получил Вадим Юсов, соавтор Андрея Тарковского.','Премию в области киноизобразительного искусства \"Белый квадрат\" посмертно получил оператор Андрей Жегалов, чьей последней работой был фильм \"Остров\" Павла Лунгина. Церемония награждения состоялась в Москве 21 марта 2007 года, сообщает \"Коммерсант\". Андрей Жегалов, скончав',18,1174588081,1174588081),
  (58,358,'Совбез отказался продлить срок ультиматума ',2,'Постоянные члены Совбеза ООН, приступив','Постоянные члены Совбеза ООН, приступив',18,1174588082,1174588082),
  (59,359,'',2,'В Пензенской области из сельского клуба украден портрет Владимира Путина. Украденная фотография висела в самом просторном зале клуба, где обычно проходят дискотеки и концерты. Как уточняет российская пресса, без снимка президента работа клуба фактически парализована.','В Пензенской области из сельского клуба украден портрет Владимира Путина, сообщает \"Комсомольская правда в Пензе\". Вместе с фотографией главы государства из клуба в селе Нары',18,1174588082,1174588082),
  (60,360,'',2,'На затопленном участке ','Утром 22 марта на затопленном участке ',18,1174588082,1174588082),
  (61,361,'Джет Ли станет главным злодеем \"Мумии 3\"',2,'Кинокомпания Universal Pictures подтвердила, что Джет Ли сыграет роль главного злодея в третьей серии \"Мумии\", которую снимет режиссер Роб Коэн. Действие картины будет происходить после Второй мировой войны в Китае. Не обойдется и без знаменитых терракотовых воинов.','Кинокомпания Universal Pictures подтвердила, что Джет Ли сыграет роль главного злодея в третьей серии \"Мумии\", которую снимет режиссер Роб Коэн. Сюжет картины держится в секрете, однако, как сообщает The Hollywood Reporter, стало известно, что действие ее будет происходить после Второй мировой войны в Китае. Не обойдется и без знаменитых терракотовых воинов, охраняющих могилу императора. Напомним, что ранее сообщалось, что в проект вернутся исполнители главных ролей Брэндан Фрейзер и Рэйчел Уaйз. Но сюжет будет строиться вокруг приключений их подрос',18,1174588082,1174588082),
  (62,362,'Обзор рынков: ФРС США не изменила ставку рефинансирования',2,'Американские рынки 21 марта значительно укрепились. Dow Jones вырос сразу на 1,3 процента до 12447,52 пункта, Nasdaq - на 1,98 процента до 2455,92 пункта, а S&P 500 - на 1,71 процента до 1435,04 пункта. На торги повлияло ре','Американские рынки 21 марта значительно укрепились. Dow Jones вырос сразу на 1,3 процента до 12447,52 пункта, Nasdaq - на 1,98 процента до 2455,92 пункта, а S&P 500 - на 1,71 процента до 1435,04 пункта. При этом на Нью-Йоркской фондовой бирже NYSE подорожали 79 процентов акций. Федеральная резервная система США приняла ре',27,1174588082,1174588082),
  (63,363,'Московское \"Динамо\" пробилось в четвертьфинал баскетбольной Евролиги',2,'Столичное \"Динамо\" в ре','Столичное \"Динамо\" в ре',18,1174588082,1174588082),
  (64,364,'Организатора взрыва в суде обвинили в умы',2,'Организатору взрыва в здании Октябрьского районного суда Новосибирска в сентябре 2006 года предъявлено обвинение в умы','Организатору взрыва в здании Октябрьского районного суда Новосибирска в сентябре 2006 года предъявлено обвинение по статье 167 части 2 УК РФ (умы',18,1174588082,1174588082),
  (65,365,'Девять пограничников задержаны в связи с самоубийством матроса',2,'В Приморье взяты под стражу девять членов экипажа морской бригады пограничных кораблей, в отно','В Приморье взяты под стражу девять членов экипажа морской бригады пограничных кораблей, в отно',18,1174588082,1174588082),
  (66,366,'',2,'В среду члены израильской министерской комиссии под руководством министра без портфеля Яакова Эдери присвоили официальное название про','В среду члены израильской министерской комиссии под руководством министра без портфеля Яакова Эдери (Yaacov Ederi) присвоили официальное название про',18,1174588082,1174588082),
  (67,367,'Третий американский солдат сел в тюрьму за изнасилование иракской девочки',2,'В среду военный трибунал США приговорил 20-летнего рядового Брайана Говарда к пяти годам тюремного заключения за участие в изнасиловании и убийстве 14-летней иракской деву','В среду военный трибунал США приговорил 20-летнего рядового Брайана Говарда (Bryan Howard) к пяти годам тюремного заключения за участие в изнасиловании и убийстве 14-летней иракской деву',24,1174588082,1174588082),
  (68,368,'В центре Москвы пять человек сгорели в автомобиле',2,'В результате дорожно-транспортного проис','В результате дорожно-транспортного проис',18,1174588082,1174588082),
  (69,369,'Лидера басков оправдали сразу после ареста',2,'В среду испанская полиция арестовала Арнальдо Отеги, лидера политического крыла сепаратистской баскской организации ETA, после чего суд снял с него обвинения в пропаганде и оправдании терроризма и закрыл дело. Глава партии «Батасуна» был привлечен к ответственности за то, что назвал членов ETA настоящими патриотами.','В среду испанская полиция арестовала Арнальдо Отеги (Arnaldo Otegi), лидера политического крыла сепаратистской баскской организации ETA, после чего суд снял с него обвинения в пропаганде и оправдании терроризма и закрыл дело. Отеги вновь получил свободу, сообщает France Presse. Глава партии \"Батасуна\" был привлечен к ответственности за то, что на похоронах 22-летней террористки ETA Олайи Кастресаны (Olaya Castresana), погиб',18,1174588082,1174588082),
  (70,370,'Таможенники напомнили о запрете на пересылку паспортов за границу',2,'Федеральная таможенная служба России разъяснила в среду, что высылать из РФ почтой паспорта, свидетельства о рождении, военные билеты и другие документы, удостоверяющие личность, а также трудовые книжки не разре','Федеральная таможенная служба (ФТС) России напомнила в среду, что высылать из РФ почтой удостоверения личности не разре',21,1174588082,1174588082),
  (71,371,'Португальские ротвейлеры загрызли эмигрантку из Украины',2,'В среду в окрестностях Лиссабона четыре ротвейлера загрызли пожилую эмигрантку из Украины, когда та ','В среду в португальском городе Синтра (Sintra) в окрестностях Лиссабона четыре ротвейлера загрызли пожилую эмигрантку из Украины, когда та ',18,1174588082,1174588082),
  (72,372,'При пожаре в московском кафе погиб человек',2,'В результате пожара в кафе на юго-востоке Москвы погиб человек. Возгорание в одноэтажном кафе, расположенном на улице Хлобыстова недалеко от станции метро \"Выхино\", произо','В результате пожара в кафе на юго-востоке Москвы погиб человек, передает в четверг Р',18,1174588082,1174588082),
  (73,373,'Поиски пропав',2,'Принадлежав','Принадлежав',18,1174588082,1174588082),
  (74,374,'Элтон Джон отпразднует день рождения в интернете',2,'Элтон Джон отпразднует день рождения, выложив в сеть около четырехсот песен с тридцати альбомов. 25 марта 2007 года музыканту исполнится 60 лет. Все треки будут доступны пользователям службы iTunes с 26 марта по 30 апреля 2007 года. Также 25 марта в продажу поступит коллекция хитов Rocket Man : The Definitive Hits.','Элтон Джон отпразднует очередной день рождения, выложив в сеть более тридцати своих альбомов, сообщает International Herald Tribune. 25 марта 2007 года музыканту исполнится 60 лет. В общей сложности будут доступны более четырехсот песен, записанных за почти сорок лет. Напомним, что первая пластинка Элтона Джона под названием Open Sky появилась в 1969 году. Все треки будут доступны пользователям службы iTunes с 26 марта по 30 апреля 2007 года. Также музыкант планирует распространять через сетевые сервисы свои самые популярные видеоклипы, а некоторые из синглов превратить в мелодии для мобильных телефонов. Кроме того, в день рождения исполнителя в продажу поступит коллекция его песен, занимав',18,1174588082,1174588082),
  (75,375,'Болезнь жены не поме',2,'Кандидат в президенты США Джон Эдвардс заявил, что продолжит кампанию, несмотря на плохое состояние здоровья его жены. Супруга Эдвардса, Элизабет, рассказала, что у нее обнаружен рецидив рака груди, излеченного в 2004 году, однако она полностью поддерживает ре','Сенатор-демократ Джон Эдвардс, вступив',24,1174588082,1174588082),
  (76,376,'Главный тренер \"Ливерпуля\" отказался возглавить \"Реал\"',2,'Наставник английского \"Ливерпуля\" Рафаэль Бенитес опроверг слухи о своем переходе по окончании ныне','Наставник английского \"Ливерпуля\" Рафаэль Бенитес опроверг слухи о своем переходе по окончании ныне',18,1174588082,1174588082),
  (77,377,'Приостановлено движение по Серпуховско-Тимирязевской ветке московского метро',2,'Движение на Серпуховско-Тимирязевской линии московского метрополитена временно приостановлено из-за падения человека на рельсы. Поезда не идут в направлении центра от станции \"Савеловская\", где и произо','Движение на серой ветке московского метрополитена временно приостановлено из-за падения человека на рельсы, сообщает корреспондент Lenta.Ru. Поезда не идут в направлении центра от станции \"Савеловская\", где и произо',21,1174588082,1174588082),
  (78,378,'Правительство на',2,'Правительственная комиссия по инвестиционным проектам одобрила еще три проекта, которые будут построены с помощью средств ','Правительственная комиссия одобрила еще три проекта, которые будут построены с помощью средств ',25,1174588082,1174588082),
  (79,379,'Самолеты А350 на пять процентов будут российскими',2,'Европейский концерн EADS и ОАО \"Объединенная авиастроительная корпорация\" подписали согла','Европейский концерн EADS и ОАО \"Объединенная авиастроительная корпорация\" подписали согла',26,1174588082,1174588082),
  (80,380,'Епископальная церковь США отказалась подчиниться Англиканской',2,'Американская Епископальная церковь отвергла предложение Сообщества англиканских церквей об учреждении международного надзорного органа, который бы контролировал деятельность церквей на территории США. Такое ре','Американская Епископальная церковь отвергла предложение Сообщества англиканских церквей об учреждении международного надзорного органа, который бы контролировал деятельность церквей на территории США. Как сообщает LA Times, такое ре',24,1174588082,1174588082),
  (81,381,'США направили к берегам Кореи новей',2,'Военно-морские силы США направили к берегам Южной Кореи новей','ВМС США направили к берегам Южной Кореи новей',18,1174588082,1174588082),
  (82,382,'Прокуратура обжаловала перевод Ходорковского и Лебедева в Москву',2,'Генпрокуратура РФ 22 марта обжаловала ре','Генеральная прокуратура России 22 марта обжаловала ре',21,1174588082,1174588082),
  (83,383,'Египетские чиновники успокоили россиян',2,'Председатель Государственной организации туризма Египта Ахмед Эль-Хадем сообщил на пресс-конференции в Москве, что вопрос о полетах российских самолетов ','Председатель Государственной организации туризма Египта Ахмед Эль-Хадем заявил на пресс-конференции в Москве, что вопрос о полетах ',18,1174588082,1174588082),
  (84,384,'Генсек ООН пережил обстрел в прямом эфире',2,'Во время пресс-конференции в Багдаде с участием генсека ООН Пан Ги Муна и премьер-министра ','Во время пресс-конференции в Багдаде с участием генсека ООН Пан Ги Муна и премьер-министра ',18,1174588082,1174588082),
  (85,385,'Бертон получит награду Венецианского фестиваля',2,'','',18,1174588082,1174588082),
  (86,386,'Поиски пропав',2,'Поиски вертолета Ми-8, пропав','Поиски вертолета Ми-8, пропав',18,1174588082,1174588082),
  (87,387,'Евросоюз обвинил Ва',2,'Евросоюз на слу','Представители Евросоюза на слу',26,1174588082,1174588082),
  (88,388,'Партия регионов получила доказательства допросов Тимо',2,'Партия регионов Украины получила документы, которые подтверждают, что во время недавнего визита в США лидер БЮТ Юлия Тимо','Партия регионов Украины получила документы, которые подтверждают, что во время недавнего визита в США лидер БЮТ Юлия Тимо',18,1174588082,1174588082),
  (89,389,'Писатели вступились за лондонский книжный магазин для геев',2,'Британские и американские писатели включились в кампанию по защите последнего в Лондоне и единственного в Великобритании книжного магазина, ориентированного на сексуальные мень','Британские и американские писатели включились в кампанию по защите последнего в Лондоне и единственного в Великобритании книжного магазина, ориентированного на сексуальные мень',18,1174588082,1174588082),
  (90,390,'Джон Маккейн возглавит борьбу с социализмом',2,'Кандидат в президенты США от Республиканской партии Джон Маккейн пообещал в случае его избрания обратить пристальное внимание на страны Латинской Америки, чтобы не допустить распространение социализма в регионе. По его мнению, США должны активнее экспортировать ценности капитализма и демократии.','Кандидат в президенты США от Республиканской партии Джон Маккейн пообещал в случае его избрания обратить пристальное внимание на страны Латинской Америки, чтобы не допустить распространение социализма в регионе, сообщает AP. Выступая перед ветеранами организованной ЦРУ в 1961 году операции в Заливе Свиней, целью которой являлось свержение режима Фиделя Кастро, Маккейн пообещал, что первыми его вне',24,1174588082,1174588082),
  (91,391,'Акционеры японской Nikko вновь отказались продать ее Citigroup',2,'Harris Associates LP, крупней','Harris Associates LP, крупней',27,1174588082,1174588082),
  (92,392,'В Турции пропали еще несколько иранских офицеров',2,'Генерал Али Реза Асгари стал не единственным высокопоставленным иранским военным, оказав','Генерал Али Реза Асгари стал не единственным высокопоставленным иранским военным, оказав',18,1174588082,1174588082),
  (93,393,'\"Химкам\" запретили принимать ЦСКА, \"Спартак\" и \"Зенит\" на своем поле',2,'','',18,1174588082,1174588082),
  (94,394,'\"Войны гильдий\" продолжатся несколько веков спустя',2,'Компания ArenaNet анонсировала Guild Wars 2, продолжение своей многопользовательской ролевой игры, выпущенной в 2005 году. События второй части будут развиваться в мире оригинальной игры под названием Тирия, но несколькими веками позже. Тестирование Guild Wars 2 начнется в 2008 году.','Компания ArenaNet анонсировала Guild Wars 2, продолжение своей многопользовательской ролевой игры, выпущенной в 2005 году, сообщается на сайте Eurogamer. События второй части будут развиваться в мире оригинальной игры под названием Тирия (Tyria), но несколькими веками позже. Добавятся четыре новых расы. Максимально достижимый уровень персонажей возрастет до 100 (возможно, даже боль',18,1174588082,1174588082),
  (95,395,'Рассел Кроу снимет фильм о серферах',2,'Рассел Кроу станет режиссером картины \"Bra Boys\", посвященную серферскому сообществу его родной Австралии. В основе картины будет документальный фильм, рассказывающий о трех братьях, организовав','Рассел Кроу станет режиссером картины \"Bra Boys\", посвященную серферскому сообществу его родной Австралии, сообщает Variety. В основе картины будет документальный фильм, рассказывающий о трех братьях, организовав',18,1174588082,1174588082),
  (96,396,'В Афинах подожжен офис футбольного клуба',2,'В Афинах неизвестные подожгли офис местного футбольного клуба \"Панатинаикос\" бутылками с зажигательной смесью. Возник','В Афинах неизвестные подожгли офис местного футбольного клуба \"Панатинаикос\" бутылками с зажигательной смесью. Возник',18,1174588082,1174588082),
  (97,397,'Российская синхронистка выиграла серебро чемпионата мира',2,'Наталья ','Наталья ',18,1174588082,1174588082),
  (98,398,'Чиновники завернули новый устав РАН',2,'Руководство Минобрнауки направило в Российскую академию наук отрицательный отзыв на проект устава, разработанный академиками. Необходимость в принятии нового устава РАН возникла после внесения поправок в закону \"О науке\", согласно которым президент академии теперь должен будет утверждаться главой государства.','Руководство Минобрнауки направило в Российскую академию наук (РАН) отрицательный отзыв на проект устава, разработанный академиками, пи',21,1174588082,1174588082),
  (99,399,'NASA закроет свою фабрику идей',2,'','',18,1174588082,1174588082),
  (100,400,'Шохин занялся перестановками в РСПП',2,'Глава РСПП Александр Шохин начал кадровые перестановки. Новым заместителем Шохина станет замминистра образования и науки Андрей Свинаренко. В свою очередь, пост главы налогового комитета РСПП перейдет от вице-президента \"Русского алюминия\" Александра Лив','Глава Российского союза промы',26,1174588082,1174588082),
  (101,401,'Задержаны ',2,'В Санкт-Петербурге задержаны ','В Санкт-Петербурге задержаны ',18,1174588082,1174588082),
  (102,402,'Президента Союза биатлонистов России обвинили в угрозах спортсменам',2,'Главный тренер мужской сборной России по биатлону Владимир Аликин обвинил президента Союза биатлонистов России Александра Тихонова в том, что он угрожает лидерам, пытаясь заставить их выступить на чемпионате страны. Первенство России стартует в четверг 22 марта в Новосибирске, хотя официальный сезон уже закончен.','Главный тренер мужской сборной России по биатлону Владимир Аликин обвинил президента Союза биатлонистов России (СБР) Александра Тихонова в том, что он угрожает лидерам, пытаясь заставить их выступить на чемпионате страны. Первенство России стартует в четверг 22 марта в Новосибирске, хотя официальный сезон уже закончен. \"Чемпионат России - главное национальное соревнование, в котором должны участвовать все сильней',18,1174588082,1174588082),
  (103,403,'На месте Басманного рынка появится библиотечный центр',2,'К 2010 году на месте обру','К 2010 году на месте обру',18,1174588082,1174588082),
  (104,404,'Фрадков отдаст \"Транснефти\" транспортировку бензина',2,'Премьер Михаил Фрадков направил в администрацию президента документы, описывающие схему поглощения \"Транснефтью\" компании \"Транснефтепродукт\". Сначала \"Транснефтепродукт\" указом президента исключат из списка стратегических предприятий, затем акции компании будут оценены и переданы в уставный капитал \"Транснефти\".','Премьер Михаил Фрадков направил в администрацию президента документы, описывающие схему поглощения \"Транснефтью\" компании \"Транснефтепродукт\", сообщает газета \"Ведомости\". В бумагах направленных в администрацию президента описана следующая схема: сначала \"Транснефтепродукт\" указом президента исключат из списка стратегических предприятий. Затем акции \"Транснефтепродукта\" будут оценены и переданы в уставный капитал \"Транснефти\", при этом монополии надо будет провести дополнительную эмиссию акций. Объединенную компанию, скорее всего, возглавит президент \"Транснефти\" Семен Вайн',26,1174588082,1174588082),
  (105,405,'Российский лыжник выиграл спринт на этапе Кубка мира',2,'21-летний российский лыжник Михаил Девятьяров-млад','21-летний российский лыжник Михаил Девятьяров-млад',18,1174588082,1174588082),
  (106,406,'Пропав',2,'Стар','Пропав',18,1174588082,1174588082),
  (107,407,'Объявлена дата юбилейной церемонии \"Оскар\"',2,'Американская Киноакадемия объявила ключевые даты, относящиеся к юбилейной 80-й церемонии вручения премии \"Оскар\". Как сообщается в официальном пресс-релизе, сама церемония состоится 24 февраля и пройдет вновь в кинокомплексе Kodak в Голливуде. Трансляцию будет осуществлять компания ABC.','Американская Киноакадемия объявила ключевые даты, относящиеся к юбилейной 80-й церемонии вручения премии \"Оскар\". Как сообщается в официальном пресс-релизе, сама церемония состоится 24 февраля и пройдет вновь в кинокомплексе Kodak в Голливуде. Трансляцию будет осуществлять компания ABC. 26 декабря 2007 года членам академии будут разосланы бюллетени для голосования, 22 января 2008 года состоится представление номинантов на \"Оскар\", 30 января академикам будет предложено выбрать победителей из списка номинантов. Напомним, что телетрансляцию 79-й церемонии вручения премий \"Оскар\" смотрели в США 38,9 миллионов зрителей. Как утверждает Entertainment Television, ',18,1174588082,1174588082),
  (108,408,'Причиной столкновения двух МиГ-29 назвали о',2,'Причиной столкновения в воздухе двух самолетов МиГ-29, произо','Причиной столкновения в воздухе двух самолетов МиГ-29, произо',18,1174588082,1174588082),
  (109,409,'Спичрайтер ',2,'Начальник Главного управления международного военного сотрудничества Минобороны РФ генерал-полковник Анатолий Мазуркевич подал рапорт на увольнение. ГУМВС в дипломатических кругах получил название \"второго М','Начальник Главного управления международного военного сотрудничества (ГУМВС) Минобороны РФ генерал-полковник Анатолий Мазуркевич подал рапорт об отставке, пи',21,1174588082,1174588082),
  (110,410,'США запустили баллистическую ракету для проверки системы ПРО',2,'США запустили межконтинентальную баллистическую ракету для проверки эффективности плавучего радара системы ПРО в Тихом океане. Ракета Minuteman 2 стартовала в среду утром по московскому времени, ее траекторию отслеживали сенсоры 85-метрового радара, предназначенные для определения истинных и ложных боеголовок.','Американские военные запустили межконтинентальную баллистическую ракету без боеголовки для проверки эффективности радара морского базирования системы ПРО в Тихом океане, сообщает Associated Press. Ракета Minuteman 2 стартовала в 21.27 вторника по местному времени (в среду утром по московскому), ее траекторию отслеживали сенсоры 85-метрового радара, предназначенные для определения истинных и ложных боеголовок. В ходе последнего запуска старт ракеты-перехватчика не производился. Он запланирован в рамках следующих испытаний - весной и осенью этого года. Радар морского базирования SBX был построен компанией Raytheon для Boeing (основного подрядчика минобороны США) и обо',18,1174588082,1174588082),
  (111,411,'Председатель совета Центросоюза подозревается в крупном мо',2,'Прокуратура Москвы возбудила уголовное дело в отно','Прокуратура Москвы возбудила уголовное дело в отно',21,1174588082,1174588082),
  (112,412,'На британской атомной подлодке взорвалась установка для очистки воздуха',2,'Причиной гибели двух моряков ВМС Великобритании на подводной лодке HMS Tireless стал взрыв установки для очистки воздуха в носовой части судна. Как уточнили в британском Министерстве обороны, инцидент произо','Причиной гибели двух моряков ВМС Великобритании на подводной лодке HMS Tireless стал взрыв установки для очистки воздуха в носовой части судна, передает в четверг агентство France Presse. Как уточнили в британском Министерстве обороны, инцидент произо',18,1174588082,1174588082),
  (113,413,'',2,'В среду ','В среду ',22,1174588082,1174588082),
  (114,414,'Родственники погиб',2,'Власти Краснодарского края приняли ре','Власти Краснодарского края приняли ре',18,1174588082,1174588082),
  (115,415,'Началась регистрация участников конференции \"',2,'Организаторы конференции \"','Организаторы конференции \"',30,1174588082,1174588082),
  (116,416,'\"Проф-Медиа\" продаст \"Комсомолку\" в течение месяца',2,'Холдинг \"Проф-Медиа\" в среду объявил, что корпоративные процедуры по оформлению продажи 60 процентов и одной акции ','Холдинг \"Проф-Медиа\" в среду объявил, что корпоративные процедуры по оформлению продажи 60 процентов и одной акции ',18,1174588082,1174588082),
  (117,417,'На Автозаводской улице в Москве расстреляли мужчину',2,'Вечером в среду напротив дома 13 по Автозаводской улице на юге Москвы был застрелен мужчина. Преступление было совер','Вечером в среду напротив дома 13 по Автозаводской улице на юге Москвы был застрелен мужчина, передает Р',18,1174588082,1174588082),
  (118,418,'На юго-западе Москвы ВАЗ-2199 на тротуаре сбил коляску с ребенком',2,'Вечером в среду около 20:30 в районе дома 154 по Профсоюзной улице водитель автомобиля ВАЗ-2199 зацепил стояв','Вечером в среду в результате дорожно-транспортного проис',21,1174588082,1174588082),
  (119,419,'На британской атомной подлодке погибли два моряка',2,'В результате проис','В результате проис',18,1174588082,1174588082),
  (120,420,'В центре Санкт-Петербурга бурильная установка рухнула на бассейн',2,'В центре Санкт-Петербурга бурильная установка рухнула на двухэтажное здание бассейна. В результате обру','В центре Санкт-Петербурга в районе площади Александра Невского бурильная установка рухнула на двухэтажное здание бассейна, сообщает интернет-издание \"Фонтанка.Ру\", ссылаясь на представителей городского управления МЧС России. По их словам, в результате инцидента обру',21,1174588082,1174588082),
  (121,421,'Делом о торговле людьми займется военная прокуратура',2,'Дело о торговав','Дело о торговав',18,1174588082,1174588082),
  (122,422,'Бундестагу рассказали об антисанитарии в солдатских казармах',2,'Военнослужащие частей Бундесвера, дислоцированных на западе Германии, проходят службу в антисанитарных условиях. Причиной такой ситуации стало преимущественное финансирование на протяжении последних пятнадцати лет военных объектов Бундесвера на территории быв','Военнослужащие частей Бундесвера, дислоцированных на западе Германии, проходят службу в антисанитарных условиях, сообщает Deutsche Welle. \"На',18,1174588082,1174588082),
  (123,423,'Европейским обладателям PS3 порекомендовали пропускать второстепенные видеоролики',2,'Sony запустила специальный сайт, посвященный совместимости европейской версии приставки PlayStation 3 с играми для предыдущих консолей компании. Разработчики уточняют, что речь идет исключительно о консолях, на которых установленная новей','Sony запустила специальный сайт, посвященный совместимости европейской версии приставки PlayStation 3 с играми для предыдущих консолей компании, PlayStation и PlayStation 2, сообщается на сайте 1up. Разработчики уточняют, что речь идет исключительно о консолях, на которых установленная новей',18,1174588082,1174588082),
  (124,424,'В ',2,'Руководители израильской ассоциации профсоюзов Гистадрут вечером в среду, 21 марта, объявили об окончании всеобщей забастовки, которая на восемь часов практически парализовала жизнь страны. Профсоюзам удалось прийти к согла','Руководители израильской ассоциации профсоюзов Гистадрут (Histadrut) вечером в среду, 21 марта, объявили об окончании всеобщей забастовки, которая на восемь часов практически парализовала жизнь страны, передает агенство AFP. Сообщается, что профсоюзам удалось прийти к согла',18,1174588082,1174588082),
  (125,425,'Кубанский губернатор возложил вину за пожар в доме престарелых на районные власти',2,'Губернатор Краснодарского края Александр Ткачев призвал уйти в отставку главу Ейского района, где 20 марта при пожаре в доме престарелых сгорели 62 человека. \"Считаю, что вам необходимо уйти с этого поста. Вы не справились со своими обязанностями\", - сказал губернатор на заседании чрезвычайной комиссии края.','Губернатор Краснодарского края Александр Ткачев призвал уйти в отставку главу Ейского района, где 20 марта при пожаре в доме престарелых сгорели 62 человека, сообщает Р',21,1174588082,1174588082),
  (126,426,'Все погиб',2,'Закончено опознание всех погиб','Закончено опознание всех погиб',18,1174588082,1174588082),
  (127,427,'Компания Google опровергла слухи о создании \"Гуглофона\"',2,'Ричард Климбер, управляющий директор азиатского подразделения Google, заявил, что рынок мобильных телефонов не представляет интереса для компании. \"На данный момент нас боль','Компания Google опровергла слухи о создании собственного мобильного телефона, сообщается на сайте Gizmodo. Ричард Климбер, управляющий директор азиатского подразделения Google, заявил, что рынок мобильных телефонов не представляет интереса для компании. \"На данный момент нас боль',31,1174588082,1174588082),
  (128,428,'',2,'Государственный суд ','Государственный суд ',18,1174588082,1174588082),
  (129,429,'\"Молодогвардейцы\" ответят на \"Мар',2,'\"Молодая гвардия Единой России\" (МГЕР) планирует 14 апреля, одновременно с \"Мар','\"Молодая гвардия Единой России\" (МГЕР) планирует провести 14 апреля в Москве акцию, в которой, по предварительным данным, примут участие 15 тысяч человек. Такое заявление сделал в среду на пресс-конференции член координационного и политического советов МГЕР Андрей Турчак, сообщает корреспондент Ленты.Ру. Отметим, что в этот же день, 14 апреля, в Москве планируется проведение очередного \"Мар',29,1174588082,1174588082),
  (130,430,'Конгрессмены вызвали Карла Роува на допрос',2,'Субкомитет Палаты представителей Конгресса США по вопросам коммерческого и административного законодательства проголосовал за пригла','Субкомитет Палаты представителей Конгресса США по вопросам коммерческого и административного законодательства проголосовал за пригла',24,1174588082,1174588082),
  (131,431,'В самарской катастрофе Ту-134 могут обвинить метеорологов',2,'Причиной катастрофы самолета Ту-134 авиакомпании UTair, которая произо','Причиной катастрофы самолета Ту-134 авиакомпании UTair, которая произо',18,1174588082,1174588082),
  (132,432,'Разбив',2,'Оружия на борту разбив','Оружия на борту разбив',21,1174588082,1174588082),
  (133,433,'',2,'20 марта в больнице Джакарты (','20 марта в больнице Джакарты (',18,1174588082,1174588082),
  (134,434,'Бьорк отправится в концертный тур по США и Европе',2,'Бьорк объявила даты выступлений, которые состоятся в рамках ее концертного тура в поддержку нового альбома Volta. Тур начнется в Рейкьявике 1 апреля 2007 года. Затем певица отправится в США и снова вернется в Европу перед фестивалем Glastonbury. Новая пластинка Бьорк появится в продаже 6 мая 2007 года.','',18,1174588082,1174588082),
  (135,435,'Канадцы создали мы',2,'Канадская компания SplitFish выпустила FragFX, новую версию своего контроллера EdgeFX для PlayStation 3. Необычная правая часть контроллера представляет собой восьмикнопочную оптическую мы','Канадская компания SplitFish выпустила FragFX, новую версию своего контроллера EdgeFX для PlayStation 3, сообщается на сайте Gizmodo. Левая часть FragFX оснащена стандартными органами управления - двумя аналоговыми джойстиками. Необычная правая часть контроллера представляет собой восьмикнопочную оптическую мы',31,1174588082,1174588082),
  (136,436,'Генеральный директор ',2,'На пост сенатора от Псковской области выдвинута кандидатура гендиректора ','Hа пост сенатора от Псковской области выдвинута кандидатура генерального директора ',29,1174588082,1174588082),
  (137,437,'Столкновением двух МиГов занялась военная прокуратура',2,'По факту столкновения двух военных самолетов МиГ-29, проис','По факту столкновения двух военных самолетов М',18,1174588082,1174588082),
  (138,438,'Басманный суд арестовал имущество главы концерна \"Нефтяной\"',2,'Басманный суд наложил арест на имущество главы концерна \"Нефтяной\" ','Басманный суд Москвы наложил арест на имущество главы концерна \"Нефтяной\" ',18,1174588082,1174588082),
  (139,439,'Создатели Duke Nukem Forever признали свои о',2,'Создатели ','Создатели ',18,1174588082,1174588082),
  (140,440,'Частная ракета Falcon долетела до космоса',2,'В США осуществлен испытательный старт частной ракеты Falcon 1, построенной Space Exploration Technologies Corp. 21-метровая Falcon 1 успе','В США осуществлен испытательный старт частной ракеты Falcon 1, построенной Space Exploration Technologies Corp. (SpaceX). Аппарат был запущен со специального пускового комплекса на одном из атоллов в районе Мар',18,1174588082,1174588082),
  (141,441,'Парламент Белоруссии передумал стерилизовать асоциальных личностей',2,'Депутаты белорусского парламента отказались от идеи законодательно оформить стерилизацию асоциальных личностей. Об этом сообщил председатель комиссии по правам человека нижней палаты парламента республики Юрий Кулаковский. По его словам, депутаты не в праве запрещать заводить потомство людям, вне зависимости от их социального положения.','Депутаты белорусского парламента отказались от идеи законодательно оформить стерилизацию асоциальных личностей. Об этом, как пи',22,1174588082,1174588082),
  (142,442,'Губернатор Громов окажет помощь семьям погиб',2,'Губернатор Московской области Борис Громов направил в администрацию Кемеровской области 10 миллионов рублей из своего резервного фонда. Как сообщили в пресс-службе главы Подмосковья, деньги предназначены для оказания помощи родственникам горняков, погиб','Губернатор Московской области Борис Громов направил в администрацию Кемеровской области 10 миллионов рублей из своего резервного фонда. Как сообщает Р',21,1174588082,1174588082),
  (143,443,'Спасатели подобрали летчиков двух столкнув',2,'Пилоты двух военных самолетов МиГ-29, столкнув','Пилоты двух военных самолетов МиГ-29, столкнув',18,1174588082,1174588082),
  (144,444,'Присяжные признали вину взорвав',2,'Коллегия присяжных вынесла обвинительный вердикт подсудимым по делу о подрыве летом 2005 года поезда \"Грозный-Москва\". Боль','Коллегия присяжных вынесла обвинительный вердикт Михаилу Клевачеву и Владимиру Власову - подсудимым по делу о подрыве летом 2005 года поезда \"Грозный-Москва\", сообщает Р',18,1174588082,1174588082),
  (145,445,'Google поменяет систему контекстной рекламы',2,'По правилам новой системы Google, рекламодатель платит только в том случае, если после перехода по рекламной ссылке пользователь зарегистрировался в рекламируемом сервисе, заполнил анкету или приобрел продукцию фирмы. Такая система позволит рекламодателям сэкономить на онлайн-рекламе и умень','Компания Google тестирует новую систему контекстной рекламы. По новым правилам, рекламодатель платит только в том случае, если после перехода по рекламной ссылке пользователь зарегистрировался в рекламируемом сервисе, заполнил анкету или приобрел продукцию фирмы, сообщает The New York Times. Ныне',30,1174588083,1174588083),
  (146,446,'В ',2,'Тело еще одного погиб','Тело еще одного погиб',18,1174588083,1174588083),
  (147,447,'Великобритания запретила неуправляемые кассетные бомбы',2,'Правительство Великобритании запретило использование неуправляемых кассетных боеприпасов в связи с боль','Британское правительство запретило использование неуправляемых кассетных боеприпасов, сообщает Defencetalk. Причиной запрета стала неизбирательность действия неуправляемых кассетных боеприпасов, приводящая к боль',18,1174588083,1174588083),
  (148,448,'Уголовное дело против Юрия Луценко приостановлено',2,'Подольский районный суд Киева приостановил расследование уголовного дела против быв','Подольский районный суд Киева приостановил расследование уголовного дела против быв',18,1174588083,1174588083),
  (149,449,'Читинский облсуд подтвердил незаконность помещения Ходорковского в Ш',2,'Читинский областной суд 21 марта подтвердил, что помещение экс-главы \"ЮКОСа\" Михаила Ходорковского в Ш','Читинский областной суд 21 марта подтвердил, что помещение экс-главы \"ЮКОСа\" Михаила Ходорковского в Ш',21,1174588083,1174588083),
  (150,450,'Кубинцы отреставрируют дом Хемингуэя к 2009 году',2,'Реставрация кубинской виллы Эрнста Хемингуэя продлится до 2009 года. В доме \"Финка Вихиа\", расположенном к югу от Гаваны, Хемингуэй жил между 1939 и 1960 годами. Там он написал свою знаменитую повесть \"Старик и море\" и другие произведения. После самоубийства писателя вилла была передана кубинскому правительству.','Реставрация кубинской виллы Эрнста Хемингуэя продлится до 2009 года. Музейные работники назвали причиной задержки строительство гаража для вновь найденного автомобиля, на котором писатель ездил по острову, сообщило агентство Associated Press. Сумма, которая должна быть затрачена на ремонт, не разгла',18,1174588083,1174588083),
  (151,451,'',2,'','',31,1174588083,1174588083),
  (152,452,'Телефонный террорист заминировал АЭС в Швеции',2,'Часть персонала одной из трех ','Часть персонала одной из трех ',18,1174588083,1174588083),
  (153,453,'Жак Ширак отложил мартовский визит к Путину',2,'Президент Франции Жак Ширак отложил свой визит в Россию, который был запланирован на конец марта. Новые сроки визита в настоящее время согласовываться по дипломатическим каналам. Владимир Путин планировал обсудить с ним \"','Президент Франции Жак Ширак отложил свой визит в Россию, который был запланирован на конец марта, сообщает агентство \"',18,1174588083,1174588083),
  (154,454,'Победители парламентских выборов в Эстонии поделили портфели',2,'Реформистская партия Эстония, выиграв','Реформистская партия Эстония, выиграв',22,1174588083,1174588083),
  (155,455,'Хизер Миллс продолжает дружить с Полом Маккартни',2,'Хизер Миллс заявила, что до сих пор поддерживает дружеские отно','Хизер Миллс заявила, что до сих пор поддерживает дружеские отно',18,1174588083,1174588083),
  (156,456,'Анджелина Джоли вывезла нового сына из Вьетнама',2,'Анджелина Джоли покинула Вьетнам со своим новым 3-летним сыном Паксом Тхиен Джоли. Как сообщает AP, актриса воспользовалась услугами частного авиаперевозчика для перелета в США. За неделю, проведенную во Вьетнаме, Джоли ли','Анджелина Джоли покинула Вьетнам со своим новым 3-летним сыном Паксом Тхиен Джоли. Как сообщает AP, актриса воспользовалась услугами частного авиаперевозчика для перелета в США. За неделю, проведенную во Вьетнаме, Джоли ли',24,1174588083,1174588083),
  (157,457,'Прокуратура передала церкви более 140 икон',2,'Юрий Чайка передал патриарху Алексию II беспрецедентно боль','Генеральный прокурор РФ Юрий Чайка передал патриарху Алексию II беспрецедентно боль',21,1174588083,1174588083),
  (158,458,'Шахта \"Ульяновская\" будет восстановлена',2,'Кузбасская ','Кузбасская ',21,1174588083,1174588083),
  (159,459,'Путин станет гарантом профессионализма аудиторов Счетной палаты',2,'Госдума России во втором чтении приняла законопроект, предоставляющий президенту РФ право предлагать парламенту кандидатуры аудиторов Счетной палаты. В соответствии с действующими законами, аудиторов СП депутаты и сенаторы подбирают без консультаций с другими органами власти. Проект закона внесен самой палатой.','Госдума России во втором чтении одобрила законопроект, предоставляющий президенту РФ право предлагать парламенту кандидатуры аудиторов Счетной палаты, сообщает Р',21,1174588083,1174588083),
  (160,460,'Глава \"Российского клуба\" в зале украинского суда объявил себя мессией',2,'Свято','Свято',18,1174588083,1174588083),
  (161,461,'Подгузники Procter & Gamble не признаны сатанинскими',2,'Присяжные окружного суда ','Присяжные окружного суда ',18,1174588083,1174588083),
  (162,462,'Конституционный суд не удовлетворил жалобу коммунистов о референдуме',2,'Конституционный суд закончил рассмотрение жалобы, касающейся несоответствия норм, по которым отбираются вопросы для вынесения на референдум, Конституции РФ. Действующие нормы были признаны законными. Дело рассматривалось в связи с жалобой инициативной группы граждан, принадлежащих к КПРФ.','Конституционный суд закончил рассмотрение жалобы, касающейся несоответствия норм, по которым отбираются вопросы для вынесения на референдум, Конституции РФ. По сообщению Р',21,1174588083,1174588083),
  (163,463,'Gears of War появится на экранах кинотеатров',2,'New Line Cinema приобрела права на создание фильма, основанного на Gears of War, ','Компания New Line Cinema приобрела права на создание фильма, основанного на игре Gears of War, ',18,1174588083,1174588083),
  (164,464,'Британец украл миллион фунтов для пополнения коллекции гаджетов',2,'Стивена Незертона, 50-летнего финансового директора компании AarhusKarlshamn, производящей растительное масло, уличили в краже почти миллиона фунтов стерлингов. Это стало известно в ходе аудиторской проверки фирмы. Деньги были потрачены на новые гаджеты и коллекцию CD и DVD-дисков. Растратчик приговорен к 3,5 годам тюрьмы.','Стивена Незертона, 50-летнего финансового директора компании AarhusKarlshamn, производящей растительное масло, уличили в краже почти миллиона фунтов стерлингов. Это стало известно в ходе аудиторской проверки фирмы, сообщает The Times. Полиция не обнаружила во время обыска владений Незертона ни спортивных ма',18,1174588083,1174588083),
  (165,465,'BP упрекнули в халатности на американском НПЗ',2,'Руководство нефтяной компании BP три года подряд игнорировало сообщения о возможности аварий на НПЗ в Техасе, где в 2005 году произо','Руководство нефтяной компании BP три года подряд игнорировало сообщения о возможности аварий на НПЗ в Техасе, где в 2005 году произо',26,1174588083,1174588083),
  (166,466,'Сенат ли',2,'Американский Сенат проголосовал за ограничение права администрации назначать федеральных прокуроров без согласования с законодателями. Генеральному прокурору будет предписано в течение 120 дней найти замену обвинителям. Если же кандидатуры не будут утверждены Сенатом, прокуроров назначит окружной судья.','Американский Сенат проголосовал за ограничение права администрации назначать федеральных прокуроров без согласования с законодателями. Как сообщает AP, согласно новому закону, генеральному прокурору будет предписано в течение 120 дней найти замену любому из уволенных обвинителей. Если же предложенная кандидатура не будет утверждена Сенатом, прокурора назначит окружной судья. Объясняя свое ре',24,1174588083,1174588083),
  (167,467,'Президент Таджикистана отрезал от своей фамилии русское окончание',2,'Президент Таджикистана Эмомали Рахмонов пожелал внести коррективы в свою фамилию и впредь именоваться Эмомали Рахмоном. \"Я хотел бы, чтобы меня называли Эмомали Рахмоном, по имени покойного отца\", - заявил президент в среду. ','Президент Таджикистана Эмомали Рахмонов пожелал внести коррективы в свою фамилию и впредь именоваться Эмомали Рахмоном. Об этом он, как передает ',22,1174588083,1174588083),
  (168,468,'На Андаманских островах появилось кровоточащее изображение Христа',2,'В Порт-Блэр, столицу индийской территории Андаманские и Никобарские острова, съезжаются тысячи верующих, чтобы увидеть кровоточащее изображение ','В столицу индийской территории Андаманские и Никобарские острова Порт-Блэр съезжаются тысячи верующих, чтобы увидеть кровоточащее изображение ',18,1174588083,1174588083);

COMMIT;

#
# Structure for the `news_newsFolder` table : 
#

DROP TABLE IF EXISTS `news_newsFolder`;

CREATE TABLE `news_newsFolder` (
  `id` int(11) NOT NULL auto_increment,
  `obj_id` int(11) unsigned NOT NULL default '0',
  `name` char(255) default NULL,
  `title` char(255) default NULL,
  `parent` int(11) default '0',
  `path` char(255) default NULL,
  PRIMARY KEY  (`id`),
  KEY `name` (`name`),
  KEY `parent` (`parent`)
) ENGINE=MyISAM DEFAULT CHARSET=utf8;

#
# Data for the `news_newsFolder` table  (LIMIT 0,500)
#

INSERT INTO `news_newsFolder` (`id`, `obj_id`, `name`, `title`, `parent`, `path`) VALUES 
  (2,6,'root','Новости',1,'root'),
  (18,295,'main','Главное',17,'root/main'),
  (19,296,'comments','Комментарии',18,'root/comments'),
  (20,297,'story','Сюжеты',19,'root/story'),
  (21,298,'russia','В России',20,'root/russia'),
  (22,299,'xussr','б.СССР',21,'root/xussr'),
  (23,300,'world','В мире',22,'root/world'),
  (24,301,'america','Америка',23,'root/america'),
  (25,302,'economy','Экономика',24,'root/economy'),
  (26,303,'business','Бизнес',25,'root/business'),
  (27,304,'finance','Финансы',26,'root/finance'),
  (28,305,'realty','Недвижимость',27,'root/realty'),
  (29,306,'politic','Политика',28,'root/politic'),
  (30,307,'internet','',29,'root/internet'),
  (31,308,'tehnology','Технологии',30,'root/tehnology');

COMMIT;

#
# Structure for the `news_newsFolder_tree` table : 
#

DROP TABLE IF EXISTS `news_newsFolder_tree`;

CREATE TABLE `news_newsFolder_tree` (
  `id` int(10) NOT NULL auto_increment,
  `lkey` int(10) NOT NULL default '0',
  `rkey` int(10) NOT NULL default '0',
  `level` int(10) NOT NULL default '0',
  PRIMARY KEY  (`id`),
  KEY `left_key` (`lkey`,`rkey`,`level`),
  KEY `level` (`level`,`lkey`),
  KEY `rkey` (`rkey`)
) ENGINE=MyISAM DEFAULT CHARSET=utf8;

#
# Data for the `news_newsFolder_tree` table  (LIMIT 0,500)
#

INSERT INTO `news_newsFolder_tree` (`id`, `lkey`, `rkey`, `level`) VALUES 
  (1,1,30,1),
  (17,2,3,2),
  (18,4,5,2),
  (19,6,7,2),
  (20,8,9,2),
  (21,10,11,2),
  (22,12,13,2),
  (23,14,15,2),
  (24,16,17,2),
  (25,18,19,2),
  (26,20,21,2),
  (27,22,23,2),
  (28,24,25,2),
  (29,26,27,2),
  (30,28,29,2);

COMMIT;

#
# Structure for the `page_page` table : 
#

DROP TABLE IF EXISTS `page_page`;

CREATE TABLE `page_page` (
  `id` int(11) NOT NULL auto_increment,
  `obj_id` int(10) unsigned NOT NULL default '0',
  `name` varchar(255) NOT NULL default '',
  `title` varchar(255) NOT NULL default '',
  `content` text NOT NULL,
  `folder_id` int(11) unsigned default NULL,
  `compiled` int(11) default NULL,
  KEY `id` (`id`)
) ENGINE=MyISAM DEFAULT CHARSET=utf8;

#
# Data for the `page_page` table  (LIMIT 0,500)
#

INSERT INTO `page_page` (`id`, `obj_id`, `name`, `title`, `content`, `folder_id`, `compiled`) VALUES 
  (1,9,'main','Первая страница','Это <b>первая</b>, главная <strike>страница</strike>\n',1,0),
  (2,10,'404','404 Not Found','Запра',1,NULL),
  (3,11,'test','test','test',1,NULL),
  (4,57,'403','Доступ запрещён','Доступ запрещён',1,NULL),
  (5,164,'pagename','123','234',2,NULL),
  (6,165,'asd','qwe','asd',2,NULL),
  (7,166,'12345','1','qwe',2,NULL),
  (8,167,'1236','2','asd',2,NULL),
  (9,168,'1237','3','qwe',2,NULL),
  (10,169,'1234','ffffff','f',2,NULL),
  (11,170,'ss','ква','sdaf',2,NULL);

COMMIT;

#
# Structure for the `page_pageFolder` table : 
#

DROP TABLE IF EXISTS `page_pageFolder`;

CREATE TABLE `page_pageFolder` (
  `id` int(11) NOT NULL auto_increment,
  `obj_id` int(11) unsigned NOT NULL default '0',
  `name` char(255) default NULL,
  `title` char(255) default NULL,
  `parent` int(11) default '0',
  `path` char(255) default NULL,
  PRIMARY KEY  (`id`),
  KEY `name` (`name`)
) ENGINE=MyISAM DEFAULT CHARSET=utf8;

#
# Data for the `page_pageFolder` table  (LIMIT 0,500)
#

INSERT INTO `page_pageFolder` (`id`, `obj_id`, `name`, `title`, `parent`, `path`) VALUES 
  (1,161,'root','/',1,'root'),
  (2,163,'foo','foo',2,'root/foo'),
  (3,234,'zz','zz',3,'root/foo/zz');

COMMIT;

#
# Structure for the `page_pageFolder_tree` table : 
#

DROP TABLE IF EXISTS `page_pageFolder_tree`;

CREATE TABLE `page_pageFolder_tree` (
  `id` int(10) NOT NULL auto_increment,
  `lkey` int(10) NOT NULL default '0',
  `rkey` int(10) NOT NULL default '0',
  `level` int(10) NOT NULL default '0',
  PRIMARY KEY  (`id`),
  KEY `left_key` (`lkey`,`rkey`,`level`),
  KEY `level` (`level`,`lkey`),
  KEY `rkey` (`rkey`)
) ENGINE=MyISAM DEFAULT CHARSET=utf8;

#
# Data for the `page_pageFolder_tree` table  (LIMIT 0,500)
#

INSERT INTO `page_pageFolder_tree` (`id`, `lkey`, `rkey`, `level`) VALUES 
  (1,1,6,1),
  (2,2,5,2),
  (3,3,4,3);

COMMIT;

#
# Structure for the `sys_access` table : 
#

DROP TABLE IF EXISTS `sys_access`;

CREATE TABLE `sys_access` (
  `id` int(11) NOT NULL auto_increment,
  `action_id` int(11) unsigned default NULL,
  `class_section_id` int(11) default NULL,
  `obj_id` int(11) default NULL,
  `uid` int(11) default NULL,
  `gid` int(11) default NULL,
  `allow` tinyint(1) unsigned default '0',
  `deny` tinyint(1) unsigned default '0',
  PRIMARY KEY  (`id`),
  KEY `class_action_id` (`class_section_id`,`obj_id`,`uid`,`gid`),
  KEY `obj_id_gid` (`obj_id`,`gid`),
  KEY `obj_id_uid` (`obj_id`,`uid`)
) ENGINE=MyISAM DEFAULT CHARSET=utf8;

#
# Data for the `sys_access` table  (LIMIT 0,500)
#

INSERT INTO `sys_access` (`id`, `action_id`, `class_section_id`, `obj_id`, `uid`, `gid`, `allow`, `deny`) VALUES 
  (428,3,5,19,NULL,1,1,0),
  (429,3,5,19,NULL,2,1,0),
  (436,4,2,6,2,NULL,1,0),
  (437,5,2,6,2,NULL,1,0),
  (438,6,2,6,2,NULL,1,0),
  (439,7,2,6,2,NULL,1,0),
  (440,8,2,6,2,NULL,1,0),
  (441,9,2,6,2,NULL,1,0),
  (442,10,3,12,NULL,1,1,0),
  (462,5,6,9,NULL,1,1,0),
  (463,4,6,9,NULL,1,0,1),
  (467,3,6,9,NULL,2,1,0),
  (468,5,6,9,NULL,2,0,1),
  (469,4,6,9,NULL,2,0,1),
  (470,1,6,9,NULL,2,1,0),
  (471,2,6,9,NULL,2,0,1),
  (472,9,6,9,NULL,2,1,0),
  (480,3,6,10,NULL,1,1,0),
  (481,5,6,10,NULL,1,1,0),
  (482,4,6,10,NULL,1,0,1),
  (483,1,6,10,NULL,1,0,1),
  (484,2,6,10,NULL,1,0,1),
  (485,9,6,10,NULL,1,0,1),
  (486,3,6,10,NULL,2,1,0),
  (487,5,6,10,NULL,2,1,0),
  (488,4,6,10,NULL,2,1,0),
  (489,1,6,10,NULL,2,1,0),
  (490,2,6,10,NULL,2,0,1),
  (491,9,6,10,NULL,2,1,0),
  (499,3,6,11,NULL,2,1,0),
  (500,5,6,11,NULL,2,1,0),
  (501,4,6,11,NULL,2,1,0),
  (502,1,6,11,NULL,2,1,0),
  (503,2,6,11,NULL,2,1,0),
  (504,9,6,11,NULL,2,1,0),
  (505,3,6,11,NULL,1,1,0),
  (506,5,6,11,NULL,1,1,0),
  (507,4,6,11,NULL,1,0,1),
  (508,1,6,11,NULL,1,0,1),
  (509,2,6,11,NULL,1,0,1),
  (510,9,6,11,NULL,1,0,1),
  (533,10,3,55,NULL,2,1,0),
  (534,11,3,55,NULL,2,1,0),
  (535,5,3,55,NULL,2,1,0),
  (536,1,3,55,NULL,2,1,0),
  (537,12,3,55,NULL,2,1,0),
  (538,2,3,55,NULL,2,1,0),
  (539,9,3,55,NULL,2,1,0),
  (540,10,3,55,NULL,1,1,0),
  (541,11,3,55,NULL,1,1,0),
  (542,5,3,55,NULL,1,1,0),
  (543,1,3,55,NULL,1,0,1),
  (544,12,3,55,NULL,1,0,1),
  (545,2,3,55,NULL,1,0,1),
  (546,9,3,55,NULL,1,0,1),
  (548,14,4,56,NULL,2,1,0),
  (549,15,4,56,NULL,2,1,0),
  (550,16,4,56,NULL,2,1,0),
  (551,17,4,56,NULL,2,1,0),
  (552,13,4,56,NULL,2,1,0),
  (553,9,4,56,NULL,2,1,0),
  (555,14,4,15,NULL,2,1,0),
  (556,15,4,15,NULL,2,1,0),
  (557,16,4,15,NULL,2,1,0),
  (558,17,4,15,NULL,2,1,0),
  (559,13,4,15,NULL,2,1,0),
  (560,9,4,15,NULL,2,1,0),
  (562,14,4,14,NULL,2,1,0),
  (563,15,4,14,NULL,2,1,0),
  (564,16,4,14,NULL,2,1,0),
  (565,17,4,14,NULL,2,1,0),
  (566,13,4,14,NULL,2,1,0),
  (567,9,4,14,NULL,2,1,0),
  (569,3,6,57,NULL,2,1,0),
  (570,5,6,57,NULL,2,1,0),
  (571,4,6,57,NULL,2,1,0),
  (572,1,6,57,NULL,2,1,0),
  (573,2,6,57,NULL,2,1,0),
  (574,9,6,57,NULL,2,1,0),
  (590,1,1,60,1,NULL,0,1),
  (591,1,1,60,2,NULL,1,0),
  (592,2,1,60,2,NULL,1,0),
  (593,2,1,60,1,NULL,1,0),
  (594,3,1,60,1,NULL,0,1),
  (595,3,1,60,2,NULL,1,0),
  (596,9,1,60,2,NULL,1,0),
  (597,9,1,60,1,NULL,0,1),
  (598,9,1,60,NULL,2,1,0),
  (599,4,2,61,NULL,1,0,1),
  (600,4,2,61,NULL,2,1,0),
  (601,4,2,61,2,NULL,1,0),
  (602,5,2,61,NULL,1,1,0),
  (603,5,2,61,NULL,2,1,0),
  (604,5,2,61,2,NULL,1,0),
  (605,6,2,61,NULL,1,0,1),
  (606,6,2,61,NULL,2,1,0),
  (607,6,2,61,2,NULL,1,0),
  (608,7,2,61,NULL,1,0,1),
  (609,7,2,61,NULL,2,0,1),
  (610,7,2,61,2,NULL,1,0),
  (611,8,2,61,NULL,1,0,1),
  (612,8,2,61,NULL,2,0,1),
  (613,8,2,61,2,NULL,1,0),
  (614,9,2,61,NULL,1,0,1),
  (615,9,2,61,NULL,2,0,1),
  (616,9,2,61,2,NULL,1,0),
  (629,9,7,62,NULL,2,1,0),
  (630,18,7,62,NULL,2,1,0),
  (637,3,6,0,0,NULL,1,0),
  (638,5,6,0,0,NULL,1,0),
  (639,4,6,0,0,NULL,0,1),
  (640,1,6,0,0,NULL,1,0),
  (641,2,6,0,0,NULL,1,0),
  (642,9,6,0,0,NULL,0,1),
  (646,3,5,65,NULL,1,1,0),
  (647,9,5,65,NULL,1,0,1),
  (684,3,5,65,2,NULL,1,0),
  (685,9,5,65,2,NULL,1,0),
  (686,3,5,65,NULL,2,1,0),
  (687,9,5,65,NULL,2,1,0),
  (697,10,3,12,2,NULL,0,1),
  (698,11,3,12,2,NULL,0,1),
  (699,5,3,12,2,NULL,0,1),
  (700,1,3,12,2,NULL,1,0),
  (701,12,3,12,2,NULL,1,0),
  (702,2,3,12,2,NULL,1,0),
  (703,9,3,12,2,NULL,1,0),
  (729,9,7,71,NULL,2,1,0),
  (730,18,7,71,NULL,2,1,0),
  (732,5,11,76,2,NULL,1,0),
  (733,9,11,76,2,NULL,1,0),
  (776,5,11,93,NULL,1,1,0),
  (777,5,11,93,NULL,2,1,0),
  (778,9,11,93,NULL,1,0,1),
  (779,9,11,93,NULL,2,1,0),
  (781,1,10,0,0,NULL,1,0),
  (782,2,10,0,0,NULL,1,0),
  (783,9,10,0,0,NULL,1,0),
  (784,18,7,95,2,NULL,1,0),
  (788,5,11,96,NULL,1,1,0),
  (789,5,11,96,NULL,2,1,0),
  (790,19,11,96,NULL,2,1,0),
  (791,9,11,96,NULL,1,0,1),
  (792,9,11,96,NULL,2,1,0),
  (801,1,10,99,2,NULL,1,0),
  (802,2,10,99,2,NULL,1,0),
  (803,9,10,99,2,NULL,1,0),
  (804,1,10,100,2,NULL,1,0),
  (805,2,10,100,2,NULL,1,0),
  (806,9,10,100,2,NULL,1,0),
  (807,1,10,101,2,NULL,1,0),
  (808,2,10,101,2,NULL,1,0),
  (809,9,10,101,2,NULL,1,0),
  (810,5,11,102,NULL,1,1,0),
  (811,5,11,102,NULL,2,1,0),
  (812,19,11,102,NULL,2,1,0),
  (813,9,11,102,NULL,1,0,1),
  (814,9,11,102,NULL,2,1,0),
  (880,5,11,0,0,NULL,0,0),
  (881,19,11,0,0,NULL,0,0),
  (882,9,11,0,0,NULL,1,0),
  (883,5,11,0,NULL,1,1,0),
  (884,19,11,0,NULL,1,0,0),
  (885,9,11,0,NULL,1,0,0),
  (886,5,11,0,NULL,2,1,0),
  (887,19,11,0,NULL,2,1,0),
  (888,9,11,0,NULL,2,0,0),
  (889,5,11,103,NULL,1,1,0),
  (890,19,11,103,NULL,1,0,0),
  (891,9,11,103,NULL,1,0,0),
  (895,5,11,103,NULL,2,1,0),
  (896,19,11,103,NULL,2,1,0),
  (897,9,11,103,NULL,2,0,0),
  (898,5,11,98,2,NULL,0,0),
  (899,19,11,98,2,NULL,0,0),
  (900,9,11,98,2,NULL,1,0),
  (901,5,11,98,NULL,1,1,0),
  (902,19,11,98,NULL,1,0,0),
  (903,9,11,98,NULL,1,0,0),
  (904,5,11,98,NULL,2,1,0),
  (905,19,11,98,NULL,2,1,0),
  (906,9,11,98,NULL,2,0,0),
  (919,1,10,107,2,NULL,1,0),
  (920,2,10,107,2,NULL,1,0),
  (921,9,10,107,2,NULL,1,0),
  (922,1,10,108,2,NULL,1,0),
  (923,2,10,108,2,NULL,1,0),
  (924,9,10,108,2,NULL,1,0),
  (950,5,11,103,2,NULL,0,0),
  (951,19,11,103,2,NULL,0,0),
  (952,9,11,103,2,NULL,1,0),
  (958,9,7,95,2,NULL,1,0),
  (961,5,11,124,1,NULL,0,0),
  (964,19,11,124,1,NULL,0,0),
  (967,9,11,124,2,NULL,1,0),
  (968,5,11,124,NULL,1,1,0),
  (969,19,11,124,NULL,1,0,1),
  (970,9,11,124,NULL,1,0,0),
  (971,5,11,124,NULL,2,1,0),
  (972,19,11,124,NULL,2,0,1),
  (973,9,11,124,NULL,2,0,0),
  (974,5,11,127,NULL,1,1,0),
  (975,5,11,127,NULL,2,1,0),
  (976,5,11,127,2,NULL,0,0),
  (977,19,11,127,NULL,1,0,0),
  (978,19,11,127,NULL,2,1,0),
  (979,19,11,127,2,NULL,0,0),
  (980,9,11,127,NULL,1,0,0),
  (981,9,11,127,NULL,2,0,0),
  (982,9,11,127,2,NULL,1,0),
  (983,10,3,12,NULL,2,0,0),
  (984,11,3,12,NULL,2,0,0),
  (985,5,3,12,NULL,2,0,0),
  (986,1,3,12,NULL,2,0,0),
  (987,12,3,12,NULL,2,0,0),
  (988,2,3,12,NULL,2,1,0),
  (989,9,3,12,NULL,2,1,0),
  (990,10,3,13,NULL,2,1,0),
  (991,11,3,13,NULL,2,1,0),
  (992,5,3,13,NULL,2,1,0),
  (993,1,3,13,NULL,2,1,0),
  (994,12,3,13,NULL,2,1,0),
  (995,2,3,13,NULL,2,1,0),
  (996,9,3,13,NULL,2,1,0),
  (1033,5,11,134,NULL,1,1,0),
  (1034,5,11,134,NULL,2,1,0),
  (1035,5,11,134,1,NULL,0,0),
  (1036,19,11,134,NULL,1,0,0),
  (1037,19,11,134,NULL,2,1,0),
  (1038,19,11,134,1,NULL,0,0),
  (1039,9,11,134,NULL,1,0,0),
  (1040,9,11,134,NULL,2,0,0),
  (1041,9,11,134,1,NULL,1,0),
  (1042,1,10,135,2,NULL,1,0),
  (1043,2,10,135,2,NULL,1,0),
  (1044,9,10,135,2,NULL,1,0),
  (1080,5,11,145,NULL,1,1,0),
  (1081,5,11,145,NULL,2,1,0),
  (1082,5,11,145,1,NULL,0,0),
  (1083,19,11,145,NULL,1,0,0),
  (1084,19,11,145,NULL,2,1,0),
  (1085,19,11,145,1,NULL,0,0),
  (1086,9,11,145,NULL,1,0,0),
  (1087,9,11,145,NULL,2,0,0),
  (1088,9,11,145,1,NULL,1,0),
  (1107,10,3,0,NULL,1,1,0),
  (1108,11,3,0,NULL,1,1,0),
  (1109,5,3,0,NULL,1,1,0),
  (1110,1,3,0,NULL,1,0,0),
  (1111,12,3,0,NULL,1,0,0),
  (1112,2,3,0,NULL,1,0,0),
  (1113,9,3,0,NULL,1,0,0),
  (1121,10,3,0,0,NULL,1,0),
  (1122,11,3,0,0,NULL,1,0),
  (1123,5,3,0,0,NULL,1,0),
  (1124,1,3,0,0,NULL,1,0),
  (1125,12,3,0,0,NULL,1,0),
  (1126,2,3,0,0,NULL,1,0),
  (1127,9,3,0,0,NULL,1,0),
  (1128,10,3,0,NULL,2,1,0),
  (1129,11,3,0,NULL,2,1,0),
  (1130,5,3,0,NULL,2,1,0),
  (1131,1,3,0,NULL,2,1,0),
  (1132,12,3,0,NULL,2,1,0),
  (1133,2,3,0,NULL,2,1,0),
  (1134,9,3,0,NULL,2,1,0),
  (1142,9,7,72,NULL,2,1,0),
  (1143,18,7,72,NULL,2,1,0),
  (1144,20,7,72,NULL,2,1,0),
  (1145,9,7,64,NULL,2,1,0),
  (1146,18,7,64,NULL,2,1,0),
  (1147,20,7,64,NULL,2,1,0),
  (1148,9,7,94,2,NULL,1,0),
  (1149,18,7,94,2,NULL,1,0),
  (1150,20,7,94,2,NULL,1,0),
  (1223,4,2,0,NULL,1,0,0),
  (1224,5,2,0,NULL,1,1,0),
  (1225,6,2,0,NULL,1,0,0),
  (1226,7,2,0,NULL,1,0,0),
  (1227,8,2,0,NULL,1,0,0),
  (1228,9,2,0,NULL,1,0,0),
  (1342,4,13,161,NULL,2,1,0),
  (1343,5,13,161,NULL,2,1,0),
  (1344,6,13,161,NULL,2,1,0),
  (1345,7,13,161,NULL,2,1,0),
  (1346,9,13,161,NULL,2,1,0),
  (1347,4,13,0,0,NULL,1,0),
  (1348,5,13,0,0,NULL,1,0),
  (1349,6,13,0,0,NULL,1,0),
  (1350,7,13,0,0,NULL,1,0),
  (1351,9,13,0,0,NULL,1,0),
  (1352,4,13,0,NULL,2,1,0),
  (1353,5,13,0,NULL,2,1,0),
  (1354,6,13,0,NULL,2,1,0),
  (1355,7,13,0,NULL,2,1,0),
  (1356,9,13,0,NULL,2,1,0),
  (1357,9,13,163,NULL,2,1,0),
  (1358,9,13,163,2,NULL,1,0),
  (1359,7,13,163,NULL,2,1,0),
  (1360,7,13,163,2,NULL,1,0),
  (1361,6,13,163,NULL,2,1,0),
  (1362,6,13,163,2,NULL,1,0),
  (1363,4,13,163,NULL,2,1,0),
  (1364,4,13,163,2,NULL,1,0),
  (1365,5,13,163,NULL,2,1,0),
  (1366,5,13,163,2,NULL,1,0),
  (1367,3,6,164,2,NULL,1,0),
  (1368,9,6,164,2,NULL,0,0),
  (1369,4,6,164,2,NULL,0,0),
  (1370,1,6,164,2,NULL,1,0),
  (1371,2,6,164,2,NULL,1,0),
  (1372,3,6,165,2,NULL,1,0),
  (1373,9,6,165,2,NULL,0,0),
  (1374,4,6,165,2,NULL,0,0),
  (1375,1,6,165,2,NULL,1,0),
  (1376,2,6,165,2,NULL,1,0),
  (1377,3,6,166,2,NULL,1,0),
  (1378,9,6,166,2,NULL,0,0),
  (1379,4,6,166,2,NULL,0,0),
  (1380,1,6,166,2,NULL,1,0),
  (1381,2,6,166,2,NULL,1,0),
  (1382,3,6,167,2,NULL,1,0),
  (1383,9,6,167,2,NULL,0,0),
  (1384,4,6,167,2,NULL,0,0),
  (1385,1,6,167,2,NULL,1,0),
  (1386,2,6,167,2,NULL,1,0),
  (1387,3,6,168,2,NULL,1,0),
  (1388,9,6,168,2,NULL,0,0),
  (1389,4,6,168,2,NULL,0,0),
  (1390,1,6,168,2,NULL,1,0),
  (1391,2,6,168,2,NULL,1,0),
  (1392,3,6,169,2,NULL,1,0),
  (1393,9,6,169,2,NULL,0,0),
  (1394,4,6,169,2,NULL,0,0),
  (1395,1,6,169,2,NULL,1,0),
  (1396,2,6,169,2,NULL,1,0),
  (1397,3,6,170,2,NULL,1,0),
  (1398,9,6,170,2,NULL,0,0),
  (1399,4,6,170,2,NULL,0,0),
  (1400,1,6,170,2,NULL,1,0),
  (1401,2,6,170,2,NULL,1,0),
  (1402,5,11,171,NULL,1,1,0),
  (1403,5,11,171,NULL,2,1,0),
  (1404,5,11,171,1,NULL,0,0),
  (1405,19,11,171,NULL,1,0,0),
  (1406,19,11,171,NULL,2,1,0),
  (1407,19,11,171,1,NULL,0,0),
  (1408,9,11,171,NULL,1,0,0),
  (1409,9,11,171,NULL,2,0,0),
  (1410,9,11,171,1,NULL,1,0),
  (1411,5,11,172,NULL,1,1,0),
  (1412,5,11,172,NULL,2,1,0),
  (1413,5,11,172,1,NULL,0,0),
  (1414,19,11,172,NULL,1,0,0),
  (1415,19,11,172,NULL,2,1,0),
  (1416,19,11,172,1,NULL,0,0),
  (1417,9,11,172,NULL,1,0,0),
  (1418,9,11,172,NULL,2,0,0),
  (1419,9,11,172,1,NULL,1,0),
  (1420,5,11,173,NULL,1,1,0),
  (1421,5,11,173,NULL,2,1,0),
  (1422,5,11,173,1,NULL,0,0),
  (1423,19,11,173,NULL,1,0,0),
  (1424,19,11,173,NULL,2,1,0),
  (1425,19,11,173,1,NULL,0,0),
  (1426,9,11,173,NULL,1,0,0),
  (1427,9,11,173,NULL,2,0,0),
  (1428,9,11,173,1,NULL,1,0),
  (1429,5,11,174,NULL,1,1,0),
  (1430,5,11,174,NULL,2,1,0),
  (1431,5,11,174,1,NULL,0,0),
  (1432,19,11,174,NULL,1,0,0),
  (1433,19,11,174,NULL,2,1,0),
  (1434,19,11,174,1,NULL,0,0),
  (1435,9,11,174,NULL,1,0,0),
  (1436,9,11,174,NULL,2,0,0),
  (1437,9,11,174,1,NULL,1,0),
  (1438,5,11,175,NULL,1,1,0),
  (1439,5,11,175,NULL,2,1,0),
  (1440,5,11,175,1,NULL,0,0),
  (1441,19,11,175,NULL,1,0,0),
  (1442,19,11,175,NULL,2,1,0),
  (1443,19,11,175,1,NULL,0,0),
  (1444,9,11,175,NULL,1,0,0),
  (1445,9,11,175,NULL,2,0,0),
  (1446,9,11,175,1,NULL,1,0),
  (1447,3,9,69,NULL,2,1,0),
  (1448,20,9,69,NULL,2,1,0),
  (1449,21,9,69,NULL,2,1,0),
  (1450,9,9,69,NULL,2,1,0),
  (1451,19,11,177,NULL,1,0,0),
  (1452,5,11,177,NULL,1,1,0),
  (1453,9,11,177,NULL,1,0,0),
  (1454,9,11,177,NULL,2,0,0),
  (1455,19,11,177,NULL,2,1,0),
  (1456,5,11,177,NULL,2,1,0),
  (1457,9,11,177,1,NULL,1,0),
  (1458,19,11,177,1,NULL,0,0),
  (1459,5,11,177,1,NULL,0,0),
  (1582,4,2,6,NULL,2,0,0),
  (1583,5,2,6,NULL,2,1,0),
  (1584,6,2,6,NULL,2,0,0),
  (1585,7,2,6,NULL,2,0,0),
  (1586,30,2,6,NULL,2,0,0),
  (1587,8,2,6,NULL,2,0,0),
  (1588,9,2,6,NULL,2,0,0),
  (1589,4,13,234,NULL,2,1,0),
  (1590,5,13,234,NULL,2,1,0),
  (1591,6,13,234,NULL,2,1,0),
  (1592,7,13,234,NULL,2,1,0),
  (1593,9,13,234,NULL,2,1,0),
  (1594,4,13,234,2,NULL,1,0),
  (1595,5,13,234,2,NULL,1,0),
  (1596,6,13,234,2,NULL,1,0),
  (1597,7,13,234,2,NULL,1,0),
  (1598,9,13,234,2,NULL,1,0),
  (1929,3,1,0,0,NULL,1,0),
  (1930,1,1,0,0,NULL,1,0),
  (1931,29,1,0,0,NULL,1,0),
  (1932,2,1,0,0,NULL,1,0),
  (1933,9,1,0,0,NULL,0,0),
  (1951,4,2,0,NULL,3,1,0),
  (1952,5,2,0,NULL,3,1,0),
  (1953,6,2,0,NULL,3,1,0),
  (1954,7,2,0,NULL,3,1,0),
  (1955,30,2,0,NULL,3,1,0),
  (1956,8,2,0,NULL,3,1,0),
  (1957,9,2,0,NULL,3,1,0),
  (1965,4,2,0,NULL,2,1,0),
  (1966,5,2,0,NULL,2,1,0),
  (1967,6,2,0,NULL,2,0,0),
  (1968,7,2,0,NULL,2,0,0),
  (1969,30,2,0,NULL,2,0,0),
  (1970,8,2,0,NULL,2,0,0),
  (1971,9,2,0,NULL,2,0,0),
  (1972,4,2,0,0,NULL,1,0),
  (1973,5,2,0,0,NULL,1,0),
  (1974,6,2,0,0,NULL,1,0),
  (1975,7,2,0,0,NULL,1,0),
  (1976,30,2,0,0,NULL,1,0),
  (1977,8,2,0,0,NULL,1,0),
  (1978,9,2,0,0,NULL,0,0),
  (1979,3,1,0,NULL,1,1,0),
  (1980,1,1,0,NULL,1,0,0),
  (1981,29,1,0,NULL,1,0,0),
  (1982,2,1,0,NULL,1,0,0),
  (1983,9,1,0,NULL,1,0,0),
  (1984,9,2,295,NULL,1,0,0),
  (1985,8,2,295,NULL,1,0,0),
  (1986,7,2,295,NULL,1,0,0),
  (1987,6,2,295,NULL,1,0,0),
  (1988,5,2,295,NULL,1,1,0),
  (1989,4,2,295,NULL,1,0,0),
  (1990,9,2,295,NULL,2,0,0),
  (1991,8,2,295,NULL,2,0,0),
  (1992,30,2,295,NULL,2,0,0),
  (1993,7,2,295,NULL,2,0,0),
  (1994,6,2,295,NULL,2,0,0),
  (1995,5,2,295,NULL,2,1,0),
  (1996,4,2,295,NULL,2,1,0),
  (1997,9,2,295,NULL,3,1,0),
  (1998,8,2,295,NULL,3,1,0),
  (1999,30,2,295,NULL,3,1,0),
  (2000,7,2,295,NULL,3,1,0),
  (2001,6,2,295,NULL,3,1,0),
  (2002,5,2,295,NULL,3,1,0),
  (2003,4,2,295,NULL,3,1,0),
  (2004,8,2,295,2,NULL,1,0),
  (2005,30,2,295,2,NULL,1,0),
  (2006,7,2,295,2,NULL,1,0),
  (2007,6,2,295,2,NULL,1,0),
  (2008,5,2,295,2,NULL,1,0),
  (2009,4,2,295,2,NULL,1,0),
  (2010,9,2,295,2,NULL,0,0),
  (2011,9,2,296,NULL,1,0,0),
  (2012,8,2,296,NULL,1,0,0),
  (2013,7,2,296,NULL,1,0,0),
  (2014,6,2,296,NULL,1,0,0),
  (2015,5,2,296,NULL,1,1,0),
  (2016,4,2,296,NULL,1,0,0),
  (2017,9,2,296,NULL,2,0,0),
  (2018,8,2,296,NULL,2,0,0),
  (2019,30,2,296,NULL,2,0,0),
  (2020,7,2,296,NULL,2,0,0),
  (2021,6,2,296,NULL,2,0,0),
  (2022,5,2,296,NULL,2,1,0),
  (2023,4,2,296,NULL,2,1,0),
  (2024,9,2,296,NULL,3,1,0),
  (2025,8,2,296,NULL,3,1,0),
  (2026,30,2,296,NULL,3,1,0),
  (2027,7,2,296,NULL,3,1,0),
  (2028,6,2,296,NULL,3,1,0),
  (2029,5,2,296,NULL,3,1,0),
  (2030,4,2,296,NULL,3,1,0),
  (2031,8,2,296,2,NULL,1,0),
  (2032,30,2,296,2,NULL,1,0),
  (2033,7,2,296,2,NULL,1,0),
  (2034,6,2,296,2,NULL,1,0),
  (2035,5,2,296,2,NULL,1,0),
  (2036,4,2,296,2,NULL,1,0);

COMMIT;

#
# Data for the `sys_access` table  (LIMIT 500,500)
#

INSERT INTO `sys_access` (`id`, `action_id`, `class_section_id`, `obj_id`, `uid`, `gid`, `allow`, `deny`) VALUES 
  (2037,9,2,296,2,NULL,0,0),
  (2038,9,2,297,NULL,1,0,0),
  (2039,8,2,297,NULL,1,0,0),
  (2040,7,2,297,NULL,1,0,0),
  (2041,6,2,297,NULL,1,0,0),
  (2042,5,2,297,NULL,1,1,0),
  (2043,4,2,297,NULL,1,0,0),
  (2044,9,2,297,NULL,2,0,0),
  (2045,8,2,297,NULL,2,0,0),
  (2046,30,2,297,NULL,2,0,0),
  (2047,7,2,297,NULL,2,0,0),
  (2048,6,2,297,NULL,2,0,0),
  (2049,5,2,297,NULL,2,1,0),
  (2050,4,2,297,NULL,2,1,0),
  (2051,9,2,297,NULL,3,1,0),
  (2052,8,2,297,NULL,3,1,0),
  (2053,30,2,297,NULL,3,1,0),
  (2054,7,2,297,NULL,3,1,0),
  (2055,6,2,297,NULL,3,1,0),
  (2056,5,2,297,NULL,3,1,0),
  (2057,4,2,297,NULL,3,1,0),
  (2058,8,2,297,2,NULL,1,0),
  (2059,30,2,297,2,NULL,1,0),
  (2060,7,2,297,2,NULL,1,0),
  (2061,6,2,297,2,NULL,1,0),
  (2062,5,2,297,2,NULL,1,0),
  (2063,4,2,297,2,NULL,1,0),
  (2064,9,2,297,2,NULL,0,0),
  (2065,9,2,298,NULL,1,0,0),
  (2066,8,2,298,NULL,1,0,0),
  (2067,7,2,298,NULL,1,0,0),
  (2068,6,2,298,NULL,1,0,0),
  (2069,5,2,298,NULL,1,1,0),
  (2070,4,2,298,NULL,1,0,0),
  (2071,9,2,298,NULL,2,0,0),
  (2072,8,2,298,NULL,2,0,0),
  (2073,30,2,298,NULL,2,0,0),
  (2074,7,2,298,NULL,2,0,0),
  (2075,6,2,298,NULL,2,0,0),
  (2076,5,2,298,NULL,2,1,0),
  (2077,4,2,298,NULL,2,1,0),
  (2078,9,2,298,NULL,3,1,0),
  (2079,8,2,298,NULL,3,1,0),
  (2080,30,2,298,NULL,3,1,0),
  (2081,7,2,298,NULL,3,1,0),
  (2082,6,2,298,NULL,3,1,0),
  (2083,5,2,298,NULL,3,1,0),
  (2084,4,2,298,NULL,3,1,0),
  (2085,8,2,298,2,NULL,1,0),
  (2086,30,2,298,2,NULL,1,0),
  (2087,7,2,298,2,NULL,1,0),
  (2088,6,2,298,2,NULL,1,0),
  (2089,5,2,298,2,NULL,1,0),
  (2090,4,2,298,2,NULL,1,0),
  (2091,9,2,298,2,NULL,0,0),
  (2092,9,2,299,NULL,1,0,0),
  (2093,8,2,299,NULL,1,0,0),
  (2094,7,2,299,NULL,1,0,0),
  (2095,6,2,299,NULL,1,0,0),
  (2096,5,2,299,NULL,1,1,0),
  (2097,4,2,299,NULL,1,0,0),
  (2098,9,2,299,NULL,2,0,0),
  (2099,8,2,299,NULL,2,0,0),
  (2100,30,2,299,NULL,2,0,0),
  (2101,7,2,299,NULL,2,0,0),
  (2102,6,2,299,NULL,2,0,0),
  (2103,5,2,299,NULL,2,1,0),
  (2104,4,2,299,NULL,2,1,0),
  (2105,9,2,299,NULL,3,1,0),
  (2106,8,2,299,NULL,3,1,0),
  (2107,30,2,299,NULL,3,1,0),
  (2108,7,2,299,NULL,3,1,0),
  (2109,6,2,299,NULL,3,1,0),
  (2110,5,2,299,NULL,3,1,0),
  (2111,4,2,299,NULL,3,1,0),
  (2112,8,2,299,2,NULL,1,0),
  (2113,30,2,299,2,NULL,1,0),
  (2114,7,2,299,2,NULL,1,0),
  (2115,6,2,299,2,NULL,1,0),
  (2116,5,2,299,2,NULL,1,0),
  (2117,4,2,299,2,NULL,1,0),
  (2118,9,2,299,2,NULL,0,0),
  (2119,9,2,300,NULL,1,0,0),
  (2120,8,2,300,NULL,1,0,0),
  (2121,7,2,300,NULL,1,0,0),
  (2122,6,2,300,NULL,1,0,0),
  (2123,5,2,300,NULL,1,1,0),
  (2124,4,2,300,NULL,1,0,0),
  (2125,9,2,300,NULL,2,0,0),
  (2126,8,2,300,NULL,2,0,0),
  (2127,30,2,300,NULL,2,0,0),
  (2128,7,2,300,NULL,2,0,0),
  (2129,6,2,300,NULL,2,0,0),
  (2130,5,2,300,NULL,2,1,0),
  (2131,4,2,300,NULL,2,1,0),
  (2132,9,2,300,NULL,3,1,0),
  (2133,8,2,300,NULL,3,1,0),
  (2134,30,2,300,NULL,3,1,0),
  (2135,7,2,300,NULL,3,1,0),
  (2136,6,2,300,NULL,3,1,0),
  (2137,5,2,300,NULL,3,1,0),
  (2138,4,2,300,NULL,3,1,0),
  (2139,8,2,300,2,NULL,1,0),
  (2140,30,2,300,2,NULL,1,0),
  (2141,7,2,300,2,NULL,1,0),
  (2142,6,2,300,2,NULL,1,0),
  (2143,5,2,300,2,NULL,1,0),
  (2144,4,2,300,2,NULL,1,0),
  (2145,9,2,300,2,NULL,0,0),
  (2146,9,2,301,NULL,1,0,0),
  (2147,8,2,301,NULL,1,0,0),
  (2148,7,2,301,NULL,1,0,0),
  (2149,6,2,301,NULL,1,0,0),
  (2150,5,2,301,NULL,1,1,0),
  (2151,4,2,301,NULL,1,0,0),
  (2152,9,2,301,NULL,2,0,0),
  (2153,8,2,301,NULL,2,0,0),
  (2154,30,2,301,NULL,2,0,0),
  (2155,7,2,301,NULL,2,0,0),
  (2156,6,2,301,NULL,2,0,0),
  (2157,5,2,301,NULL,2,1,0),
  (2158,4,2,301,NULL,2,1,0),
  (2159,9,2,301,NULL,3,1,0),
  (2160,8,2,301,NULL,3,1,0),
  (2161,30,2,301,NULL,3,1,0),
  (2162,7,2,301,NULL,3,1,0),
  (2163,6,2,301,NULL,3,1,0),
  (2164,5,2,301,NULL,3,1,0),
  (2165,4,2,301,NULL,3,1,0),
  (2166,8,2,301,2,NULL,1,0),
  (2167,30,2,301,2,NULL,1,0),
  (2168,7,2,301,2,NULL,1,0),
  (2169,6,2,301,2,NULL,1,0),
  (2170,5,2,301,2,NULL,1,0),
  (2171,4,2,301,2,NULL,1,0),
  (2172,9,2,301,2,NULL,0,0),
  (2173,9,2,302,NULL,1,0,0),
  (2174,8,2,302,NULL,1,0,0),
  (2175,7,2,302,NULL,1,0,0),
  (2176,6,2,302,NULL,1,0,0),
  (2177,5,2,302,NULL,1,1,0),
  (2178,4,2,302,NULL,1,0,0),
  (2179,9,2,302,NULL,2,0,0),
  (2180,8,2,302,NULL,2,0,0),
  (2181,30,2,302,NULL,2,0,0),
  (2182,7,2,302,NULL,2,0,0),
  (2183,6,2,302,NULL,2,0,0),
  (2184,5,2,302,NULL,2,1,0),
  (2185,4,2,302,NULL,2,1,0),
  (2186,9,2,302,NULL,3,1,0),
  (2187,8,2,302,NULL,3,1,0),
  (2188,30,2,302,NULL,3,1,0),
  (2189,7,2,302,NULL,3,1,0),
  (2190,6,2,302,NULL,3,1,0),
  (2191,5,2,302,NULL,3,1,0),
  (2192,4,2,302,NULL,3,1,0),
  (2193,8,2,302,2,NULL,1,0),
  (2194,30,2,302,2,NULL,1,0),
  (2195,7,2,302,2,NULL,1,0),
  (2196,6,2,302,2,NULL,1,0),
  (2197,5,2,302,2,NULL,1,0),
  (2198,4,2,302,2,NULL,1,0),
  (2199,9,2,302,2,NULL,0,0),
  (2200,9,2,303,NULL,1,0,0),
  (2201,8,2,303,NULL,1,0,0),
  (2202,7,2,303,NULL,1,0,0),
  (2203,6,2,303,NULL,1,0,0),
  (2204,5,2,303,NULL,1,1,0),
  (2205,4,2,303,NULL,1,0,0),
  (2206,9,2,303,NULL,2,0,0),
  (2207,8,2,303,NULL,2,0,0),
  (2208,30,2,303,NULL,2,0,0),
  (2209,7,2,303,NULL,2,0,0),
  (2210,6,2,303,NULL,2,0,0),
  (2211,5,2,303,NULL,2,1,0),
  (2212,4,2,303,NULL,2,1,0),
  (2213,9,2,303,NULL,3,1,0),
  (2214,8,2,303,NULL,3,1,0),
  (2215,30,2,303,NULL,3,1,0),
  (2216,7,2,303,NULL,3,1,0),
  (2217,6,2,303,NULL,3,1,0),
  (2218,5,2,303,NULL,3,1,0),
  (2219,4,2,303,NULL,3,1,0),
  (2220,8,2,303,2,NULL,1,0),
  (2221,30,2,303,2,NULL,1,0),
  (2222,7,2,303,2,NULL,1,0),
  (2223,6,2,303,2,NULL,1,0),
  (2224,5,2,303,2,NULL,1,0),
  (2225,4,2,303,2,NULL,1,0),
  (2226,9,2,303,2,NULL,0,0),
  (2227,9,2,304,NULL,1,0,0),
  (2228,8,2,304,NULL,1,0,0),
  (2229,7,2,304,NULL,1,0,0),
  (2230,6,2,304,NULL,1,0,0),
  (2231,5,2,304,NULL,1,1,0),
  (2232,4,2,304,NULL,1,0,0),
  (2233,9,2,304,NULL,2,0,0),
  (2234,8,2,304,NULL,2,0,0),
  (2235,30,2,304,NULL,2,0,0),
  (2236,7,2,304,NULL,2,0,0),
  (2237,6,2,304,NULL,2,0,0),
  (2238,5,2,304,NULL,2,1,0),
  (2239,4,2,304,NULL,2,1,0),
  (2240,9,2,304,NULL,3,1,0),
  (2241,8,2,304,NULL,3,1,0),
  (2242,30,2,304,NULL,3,1,0),
  (2243,7,2,304,NULL,3,1,0),
  (2244,6,2,304,NULL,3,1,0),
  (2245,5,2,304,NULL,3,1,0),
  (2246,4,2,304,NULL,3,1,0),
  (2247,8,2,304,2,NULL,1,0),
  (2248,30,2,304,2,NULL,1,0),
  (2249,7,2,304,2,NULL,1,0),
  (2250,6,2,304,2,NULL,1,0),
  (2251,5,2,304,2,NULL,1,0),
  (2252,4,2,304,2,NULL,1,0),
  (2253,9,2,304,2,NULL,0,0),
  (2254,9,2,305,NULL,1,0,0),
  (2255,8,2,305,NULL,1,0,0),
  (2256,7,2,305,NULL,1,0,0),
  (2257,6,2,305,NULL,1,0,0),
  (2258,5,2,305,NULL,1,1,0),
  (2259,4,2,305,NULL,1,0,0),
  (2260,9,2,305,NULL,2,0,0),
  (2261,8,2,305,NULL,2,0,0),
  (2262,30,2,305,NULL,2,0,0),
  (2263,7,2,305,NULL,2,0,0),
  (2264,6,2,305,NULL,2,0,0),
  (2265,5,2,305,NULL,2,1,0),
  (2266,4,2,305,NULL,2,1,0),
  (2267,9,2,305,NULL,3,1,0),
  (2268,8,2,305,NULL,3,1,0),
  (2269,30,2,305,NULL,3,1,0),
  (2270,7,2,305,NULL,3,1,0),
  (2271,6,2,305,NULL,3,1,0),
  (2272,5,2,305,NULL,3,1,0),
  (2273,4,2,305,NULL,3,1,0),
  (2274,8,2,305,2,NULL,1,0),
  (2275,30,2,305,2,NULL,1,0),
  (2276,7,2,305,2,NULL,1,0),
  (2277,6,2,305,2,NULL,1,0),
  (2278,5,2,305,2,NULL,1,0),
  (2279,4,2,305,2,NULL,1,0),
  (2280,9,2,305,2,NULL,0,0),
  (2281,9,2,306,NULL,1,0,0),
  (2282,8,2,306,NULL,1,0,0),
  (2283,7,2,306,NULL,1,0,0),
  (2284,6,2,306,NULL,1,0,0),
  (2285,5,2,306,NULL,1,1,0),
  (2286,4,2,306,NULL,1,0,0),
  (2287,9,2,306,NULL,2,0,0),
  (2288,8,2,306,NULL,2,0,0),
  (2289,30,2,306,NULL,2,0,0),
  (2290,7,2,306,NULL,2,0,0),
  (2291,6,2,306,NULL,2,0,0),
  (2292,5,2,306,NULL,2,1,0),
  (2293,4,2,306,NULL,2,1,0),
  (2294,9,2,306,NULL,3,1,0),
  (2295,8,2,306,NULL,3,1,0),
  (2296,30,2,306,NULL,3,1,0),
  (2297,7,2,306,NULL,3,1,0),
  (2298,6,2,306,NULL,3,1,0),
  (2299,5,2,306,NULL,3,1,0),
  (2300,4,2,306,NULL,3,1,0),
  (2301,8,2,306,2,NULL,1,0),
  (2302,30,2,306,2,NULL,1,0),
  (2303,7,2,306,2,NULL,1,0),
  (2304,6,2,306,2,NULL,1,0),
  (2305,5,2,306,2,NULL,1,0),
  (2306,4,2,306,2,NULL,1,0),
  (2307,9,2,306,2,NULL,0,0),
  (2308,9,2,307,NULL,1,0,0),
  (2309,8,2,307,NULL,1,0,0),
  (2310,7,2,307,NULL,1,0,0),
  (2311,6,2,307,NULL,1,0,0),
  (2312,5,2,307,NULL,1,1,0),
  (2313,4,2,307,NULL,1,0,0),
  (2314,9,2,307,NULL,2,0,0),
  (2315,8,2,307,NULL,2,0,0),
  (2316,30,2,307,NULL,2,0,0),
  (2317,7,2,307,NULL,2,0,0),
  (2318,6,2,307,NULL,2,0,0),
  (2319,5,2,307,NULL,2,1,0),
  (2320,4,2,307,NULL,2,1,0),
  (2321,9,2,307,NULL,3,1,0),
  (2322,8,2,307,NULL,3,1,0),
  (2323,30,2,307,NULL,3,1,0),
  (2324,7,2,307,NULL,3,1,0),
  (2325,6,2,307,NULL,3,1,0),
  (2326,5,2,307,NULL,3,1,0),
  (2327,4,2,307,NULL,3,1,0),
  (2328,8,2,307,2,NULL,1,0),
  (2329,30,2,307,2,NULL,1,0),
  (2330,7,2,307,2,NULL,1,0),
  (2331,6,2,307,2,NULL,1,0),
  (2332,5,2,307,2,NULL,1,0),
  (2333,4,2,307,2,NULL,1,0),
  (2334,9,2,307,2,NULL,0,0),
  (2335,9,2,308,NULL,1,0,0),
  (2336,8,2,308,NULL,1,0,0),
  (2337,7,2,308,NULL,1,0,0),
  (2338,6,2,308,NULL,1,0,0),
  (2339,5,2,308,NULL,1,1,0),
  (2340,4,2,308,NULL,1,0,0),
  (2341,9,2,308,NULL,2,0,0),
  (2342,8,2,308,NULL,2,0,0),
  (2343,30,2,308,NULL,2,0,0),
  (2344,7,2,308,NULL,2,0,0),
  (2345,6,2,308,NULL,2,0,0),
  (2346,5,2,308,NULL,2,1,0),
  (2347,4,2,308,NULL,2,1,0),
  (2348,9,2,308,NULL,3,1,0),
  (2349,8,2,308,NULL,3,1,0),
  (2350,30,2,308,NULL,3,1,0),
  (2351,7,2,308,NULL,3,1,0),
  (2352,6,2,308,NULL,3,1,0),
  (2353,5,2,308,NULL,3,1,0),
  (2354,4,2,308,NULL,3,1,0),
  (2355,8,2,308,2,NULL,1,0),
  (2356,30,2,308,2,NULL,1,0),
  (2357,7,2,308,2,NULL,1,0),
  (2358,6,2,308,2,NULL,1,0),
  (2359,5,2,308,2,NULL,1,0),
  (2360,4,2,308,2,NULL,1,0),
  (2361,9,2,308,2,NULL,0,0),
  (2362,29,1,309,NULL,1,0,0),
  (2363,1,1,309,NULL,1,0,0),
  (2364,3,1,309,NULL,1,1,0),
  (2365,9,1,309,NULL,1,0,0),
  (2366,2,1,309,NULL,1,0,0),
  (2367,9,1,309,NULL,2,1,0),
  (2368,2,1,309,NULL,2,1,0),
  (2369,29,1,309,NULL,2,1,0),
  (2370,1,1,309,NULL,2,1,0),
  (2371,3,1,309,NULL,2,1,0),
  (2372,2,1,309,2,NULL,1,0),
  (2373,29,1,309,2,NULL,1,0),
  (2374,1,1,309,2,NULL,1,0),
  (2375,9,1,309,2,NULL,0,0),
  (2376,3,1,309,2,NULL,1,0),
  (2377,29,1,310,NULL,1,0,0),
  (2378,1,1,310,NULL,1,0,0),
  (2379,3,1,310,NULL,1,1,0),
  (2380,9,1,310,NULL,1,0,0),
  (2381,2,1,310,NULL,1,0,0),
  (2382,9,1,310,NULL,2,1,0),
  (2383,2,1,310,NULL,2,1,0),
  (2384,29,1,310,NULL,2,1,0),
  (2385,1,1,310,NULL,2,1,0),
  (2386,3,1,310,NULL,2,1,0),
  (2387,2,1,310,2,NULL,1,0),
  (2388,29,1,310,2,NULL,1,0),
  (2389,1,1,310,2,NULL,1,0),
  (2390,9,1,310,2,NULL,0,0),
  (2391,3,1,310,2,NULL,1,0),
  (2392,29,1,311,NULL,1,0,0),
  (2393,1,1,311,NULL,1,0,0),
  (2394,3,1,311,NULL,1,1,0),
  (2395,9,1,311,NULL,1,0,0),
  (2396,2,1,311,NULL,1,0,0),
  (2397,9,1,311,NULL,2,1,0),
  (2398,2,1,311,NULL,2,1,0),
  (2399,29,1,311,NULL,2,1,0),
  (2400,1,1,311,NULL,2,1,0),
  (2401,3,1,311,NULL,2,1,0),
  (2402,2,1,311,2,NULL,1,0),
  (2403,29,1,311,2,NULL,1,0),
  (2404,1,1,311,2,NULL,1,0),
  (2405,9,1,311,2,NULL,0,0),
  (2406,3,1,311,2,NULL,1,0),
  (2407,29,1,312,NULL,1,0,0),
  (2408,1,1,312,NULL,1,0,0),
  (2409,3,1,312,NULL,1,1,0),
  (2410,9,1,312,NULL,1,0,0),
  (2411,2,1,312,NULL,1,0,0),
  (2412,9,1,312,NULL,2,1,0),
  (2413,2,1,312,NULL,2,1,0),
  (2414,29,1,312,NULL,2,1,0),
  (2415,1,1,312,NULL,2,1,0),
  (2416,3,1,312,NULL,2,1,0),
  (2417,2,1,312,2,NULL,1,0),
  (2418,29,1,312,2,NULL,1,0),
  (2419,1,1,312,2,NULL,1,0),
  (2420,9,1,312,2,NULL,0,0),
  (2421,3,1,312,2,NULL,1,0),
  (2422,29,1,313,NULL,1,0,0),
  (2423,1,1,313,NULL,1,0,0),
  (2424,3,1,313,NULL,1,1,0),
  (2425,9,1,313,NULL,1,0,0),
  (2426,2,1,313,NULL,1,0,0),
  (2427,9,1,313,NULL,2,1,0),
  (2428,2,1,313,NULL,2,1,0),
  (2429,29,1,313,NULL,2,1,0),
  (2430,1,1,313,NULL,2,1,0),
  (2431,3,1,313,NULL,2,1,0),
  (2432,2,1,313,2,NULL,1,0),
  (2433,29,1,313,2,NULL,1,0),
  (2434,1,1,313,2,NULL,1,0),
  (2435,9,1,313,2,NULL,0,0),
  (2436,3,1,313,2,NULL,1,0),
  (2437,29,1,314,NULL,1,0,0),
  (2438,1,1,314,NULL,1,0,0),
  (2439,3,1,314,NULL,1,1,0),
  (2440,9,1,314,NULL,1,0,0),
  (2441,2,1,314,NULL,1,0,0),
  (2442,9,1,314,NULL,2,1,0),
  (2443,2,1,314,NULL,2,1,0),
  (2444,29,1,314,NULL,2,1,0),
  (2445,1,1,314,NULL,2,1,0),
  (2446,3,1,314,NULL,2,1,0),
  (2447,2,1,314,2,NULL,1,0),
  (2448,29,1,314,2,NULL,1,0),
  (2449,1,1,314,2,NULL,1,0),
  (2450,9,1,314,2,NULL,0,0),
  (2451,3,1,314,2,NULL,1,0),
  (2452,29,1,315,NULL,1,0,0),
  (2453,1,1,315,NULL,1,0,0),
  (2454,3,1,315,NULL,1,1,0),
  (2455,9,1,315,NULL,1,0,0),
  (2456,2,1,315,NULL,1,0,0),
  (2457,9,1,315,NULL,2,1,0),
  (2458,2,1,315,NULL,2,1,0),
  (2459,29,1,315,NULL,2,1,0),
  (2460,1,1,315,NULL,2,1,0),
  (2461,3,1,315,NULL,2,1,0),
  (2462,2,1,315,2,NULL,1,0),
  (2463,29,1,315,2,NULL,1,0),
  (2464,1,1,315,2,NULL,1,0),
  (2465,9,1,315,2,NULL,0,0),
  (2466,3,1,315,2,NULL,1,0),
  (2467,29,1,316,NULL,1,0,0),
  (2468,1,1,316,NULL,1,0,0),
  (2469,3,1,316,NULL,1,1,0),
  (2470,9,1,316,NULL,1,0,0),
  (2471,2,1,316,NULL,1,0,0),
  (2472,9,1,316,NULL,2,1,0),
  (2473,2,1,316,NULL,2,1,0),
  (2474,29,1,316,NULL,2,1,0),
  (2475,1,1,316,NULL,2,1,0),
  (2476,3,1,316,NULL,2,1,0),
  (2477,2,1,316,2,NULL,1,0),
  (2478,29,1,316,2,NULL,1,0),
  (2479,1,1,316,2,NULL,1,0),
  (2480,9,1,316,2,NULL,0,0),
  (2481,3,1,316,2,NULL,1,0),
  (2482,29,1,317,NULL,1,0,0),
  (2483,1,1,317,NULL,1,0,0),
  (2484,3,1,317,NULL,1,1,0),
  (2485,9,1,317,NULL,1,0,0),
  (2486,2,1,317,NULL,1,0,0),
  (2487,9,1,317,NULL,2,1,0),
  (2488,2,1,317,NULL,2,1,0),
  (2489,29,1,317,NULL,2,1,0),
  (2490,1,1,317,NULL,2,1,0),
  (2491,3,1,317,NULL,2,1,0),
  (2492,2,1,317,2,NULL,1,0),
  (2493,29,1,317,2,NULL,1,0),
  (2494,1,1,317,2,NULL,1,0),
  (2495,9,1,317,2,NULL,0,0),
  (2496,3,1,317,2,NULL,1,0),
  (2497,29,1,318,NULL,1,0,0),
  (2498,1,1,318,NULL,1,0,0),
  (2499,3,1,318,NULL,1,1,0),
  (2500,9,1,318,NULL,1,0,0),
  (2501,2,1,318,NULL,1,0,0),
  (2502,9,1,318,NULL,2,1,0),
  (2503,2,1,318,NULL,2,1,0),
  (2504,29,1,318,NULL,2,1,0),
  (2505,1,1,318,NULL,2,1,0),
  (2506,3,1,318,NULL,2,1,0),
  (2507,2,1,318,2,NULL,1,0),
  (2508,29,1,318,2,NULL,1,0),
  (2509,1,1,318,2,NULL,1,0),
  (2510,9,1,318,2,NULL,0,0),
  (2511,3,1,318,2,NULL,1,0),
  (2512,29,1,319,NULL,1,0,0),
  (2513,1,1,319,NULL,1,0,0),
  (2514,3,1,319,NULL,1,1,0),
  (2515,9,1,319,NULL,1,0,0),
  (2516,2,1,319,NULL,1,0,0),
  (2517,9,1,319,NULL,2,1,0),
  (2518,2,1,319,NULL,2,1,0),
  (2519,29,1,319,NULL,2,1,0),
  (2520,1,1,319,NULL,2,1,0),
  (2521,3,1,319,NULL,2,1,0),
  (2522,2,1,319,2,NULL,1,0),
  (2523,29,1,319,2,NULL,1,0),
  (2524,1,1,319,2,NULL,1,0),
  (2525,9,1,319,2,NULL,0,0),
  (2526,3,1,319,2,NULL,1,0),
  (2527,29,1,320,NULL,1,0,0),
  (2528,1,1,320,NULL,1,0,0),
  (2529,3,1,320,NULL,1,1,0),
  (2530,9,1,320,NULL,1,0,0),
  (2531,2,1,320,NULL,1,0,0),
  (2532,9,1,320,NULL,2,1,0),
  (2533,2,1,320,NULL,2,1,0),
  (2534,29,1,320,NULL,2,1,0),
  (2535,1,1,320,NULL,2,1,0),
  (2536,3,1,320,NULL,2,1,0);

COMMIT;

#
# Data for the `sys_access` table  (LIMIT 1000,500)
#

INSERT INTO `sys_access` (`id`, `action_id`, `class_section_id`, `obj_id`, `uid`, `gid`, `allow`, `deny`) VALUES 
  (2537,2,1,320,2,NULL,1,0),
  (2538,29,1,320,2,NULL,1,0),
  (2539,1,1,320,2,NULL,1,0),
  (2540,9,1,320,2,NULL,0,0),
  (2541,3,1,320,2,NULL,1,0),
  (2542,29,1,321,NULL,1,0,0),
  (2543,1,1,321,NULL,1,0,0),
  (2544,3,1,321,NULL,1,1,0),
  (2545,9,1,321,NULL,1,0,0),
  (2546,2,1,321,NULL,1,0,0),
  (2547,9,1,321,NULL,2,1,0),
  (2548,2,1,321,NULL,2,1,0),
  (2549,29,1,321,NULL,2,1,0),
  (2550,1,1,321,NULL,2,1,0),
  (2551,3,1,321,NULL,2,1,0),
  (2552,2,1,321,2,NULL,1,0),
  (2553,29,1,321,2,NULL,1,0),
  (2554,1,1,321,2,NULL,1,0),
  (2555,9,1,321,2,NULL,0,0),
  (2556,3,1,321,2,NULL,1,0),
  (2557,29,1,322,NULL,1,0,0),
  (2558,1,1,322,NULL,1,0,0),
  (2559,3,1,322,NULL,1,1,0),
  (2560,9,1,322,NULL,1,0,0),
  (2561,2,1,322,NULL,1,0,0),
  (2562,9,1,322,NULL,2,1,0),
  (2563,2,1,322,NULL,2,1,0),
  (2564,29,1,322,NULL,2,1,0),
  (2565,1,1,322,NULL,2,1,0),
  (2566,3,1,322,NULL,2,1,0),
  (2567,2,1,322,2,NULL,1,0),
  (2568,29,1,322,2,NULL,1,0),
  (2569,1,1,322,2,NULL,1,0),
  (2570,9,1,322,2,NULL,0,0),
  (2571,3,1,322,2,NULL,1,0),
  (2572,29,1,323,NULL,1,0,0),
  (2573,1,1,323,NULL,1,0,0),
  (2574,3,1,323,NULL,1,1,0),
  (2575,9,1,323,NULL,1,0,0),
  (2576,2,1,323,NULL,1,0,0),
  (2577,9,1,323,NULL,2,1,0),
  (2578,2,1,323,NULL,2,1,0),
  (2579,29,1,323,NULL,2,1,0),
  (2580,1,1,323,NULL,2,1,0),
  (2581,3,1,323,NULL,2,1,0),
  (2582,2,1,323,2,NULL,1,0),
  (2583,29,1,323,2,NULL,1,0),
  (2584,1,1,323,2,NULL,1,0),
  (2585,9,1,323,2,NULL,0,0),
  (2586,3,1,323,2,NULL,1,0),
  (2587,29,1,324,NULL,1,0,0),
  (2588,1,1,324,NULL,1,0,0),
  (2589,3,1,324,NULL,1,1,0),
  (2590,9,1,324,NULL,1,0,0),
  (2591,2,1,324,NULL,1,0,0),
  (2592,9,1,324,NULL,2,1,0),
  (2593,2,1,324,NULL,2,1,0),
  (2594,29,1,324,NULL,2,1,0),
  (2595,1,1,324,NULL,2,1,0),
  (2596,3,1,324,NULL,2,1,0),
  (2597,2,1,324,2,NULL,1,0),
  (2598,29,1,324,2,NULL,1,0),
  (2599,1,1,324,2,NULL,1,0),
  (2600,9,1,324,2,NULL,0,0),
  (2601,3,1,324,2,NULL,1,0),
  (2602,29,1,325,NULL,1,0,0),
  (2603,1,1,325,NULL,1,0,0),
  (2604,3,1,325,NULL,1,1,0),
  (2605,9,1,325,NULL,1,0,0),
  (2606,2,1,325,NULL,1,0,0),
  (2607,9,1,325,NULL,2,1,0),
  (2608,2,1,325,NULL,2,1,0),
  (2609,29,1,325,NULL,2,1,0),
  (2610,1,1,325,NULL,2,1,0),
  (2611,3,1,325,NULL,2,1,0),
  (2612,2,1,325,2,NULL,1,0),
  (2613,29,1,325,2,NULL,1,0),
  (2614,1,1,325,2,NULL,1,0),
  (2615,9,1,325,2,NULL,0,0),
  (2616,3,1,325,2,NULL,1,0),
  (2617,29,1,326,NULL,1,0,0),
  (2618,1,1,326,NULL,1,0,0),
  (2619,3,1,326,NULL,1,1,0),
  (2620,9,1,326,NULL,1,0,0),
  (2621,2,1,326,NULL,1,0,0),
  (2622,9,1,326,NULL,2,1,0),
  (2623,2,1,326,NULL,2,1,0),
  (2624,29,1,326,NULL,2,1,0),
  (2625,1,1,326,NULL,2,1,0),
  (2626,3,1,326,NULL,2,1,0),
  (2627,2,1,326,2,NULL,1,0),
  (2628,29,1,326,2,NULL,1,0),
  (2629,1,1,326,2,NULL,1,0),
  (2630,9,1,326,2,NULL,0,0),
  (2631,3,1,326,2,NULL,1,0),
  (2632,29,1,327,NULL,1,0,0),
  (2633,1,1,327,NULL,1,0,0),
  (2634,3,1,327,NULL,1,1,0),
  (2635,9,1,327,NULL,1,0,0),
  (2636,2,1,327,NULL,1,0,0),
  (2637,9,1,327,NULL,2,1,0),
  (2638,2,1,327,NULL,2,1,0),
  (2639,29,1,327,NULL,2,1,0),
  (2640,1,1,327,NULL,2,1,0),
  (2641,3,1,327,NULL,2,1,0),
  (2642,2,1,327,2,NULL,1,0),
  (2643,29,1,327,2,NULL,1,0),
  (2644,1,1,327,2,NULL,1,0),
  (2645,9,1,327,2,NULL,0,0),
  (2646,3,1,327,2,NULL,1,0),
  (2647,29,1,328,NULL,1,0,0),
  (2648,1,1,328,NULL,1,0,0),
  (2649,3,1,328,NULL,1,1,0),
  (2650,9,1,328,NULL,1,0,0),
  (2651,2,1,328,NULL,1,0,0),
  (2652,9,1,328,NULL,2,1,0),
  (2653,2,1,328,NULL,2,1,0),
  (2654,29,1,328,NULL,2,1,0),
  (2655,1,1,328,NULL,2,1,0),
  (2656,3,1,328,NULL,2,1,0),
  (2657,2,1,328,2,NULL,1,0),
  (2658,29,1,328,2,NULL,1,0),
  (2659,1,1,328,2,NULL,1,0),
  (2660,9,1,328,2,NULL,0,0),
  (2661,3,1,328,2,NULL,1,0),
  (2662,29,1,329,NULL,1,0,0),
  (2663,1,1,329,NULL,1,0,0),
  (2664,3,1,329,NULL,1,1,0),
  (2665,9,1,329,NULL,1,0,0),
  (2666,2,1,329,NULL,1,0,0),
  (2667,9,1,329,NULL,2,1,0),
  (2668,2,1,329,NULL,2,1,0),
  (2669,29,1,329,NULL,2,1,0),
  (2670,1,1,329,NULL,2,1,0),
  (2671,3,1,329,NULL,2,1,0),
  (2672,2,1,329,2,NULL,1,0),
  (2673,29,1,329,2,NULL,1,0),
  (2674,1,1,329,2,NULL,1,0),
  (2675,9,1,329,2,NULL,0,0),
  (2676,3,1,329,2,NULL,1,0),
  (2677,29,1,330,NULL,1,0,0),
  (2678,1,1,330,NULL,1,0,0),
  (2679,3,1,330,NULL,1,1,0),
  (2680,9,1,330,NULL,1,0,0),
  (2681,2,1,330,NULL,1,0,0),
  (2682,9,1,330,NULL,2,1,0),
  (2683,2,1,330,NULL,2,1,0),
  (2684,29,1,330,NULL,2,1,0),
  (2685,1,1,330,NULL,2,1,0),
  (2686,3,1,330,NULL,2,1,0),
  (2687,2,1,330,2,NULL,1,0),
  (2688,29,1,330,2,NULL,1,0),
  (2689,1,1,330,2,NULL,1,0),
  (2690,9,1,330,2,NULL,0,0),
  (2691,3,1,330,2,NULL,1,0),
  (2692,29,1,331,NULL,1,0,0),
  (2693,1,1,331,NULL,1,0,0),
  (2694,3,1,331,NULL,1,1,0),
  (2695,9,1,331,NULL,1,0,0),
  (2696,2,1,331,NULL,1,0,0),
  (2697,9,1,331,NULL,2,1,0),
  (2698,2,1,331,NULL,2,1,0),
  (2699,29,1,331,NULL,2,1,0),
  (2700,1,1,331,NULL,2,1,0),
  (2701,3,1,331,NULL,2,1,0),
  (2702,2,1,331,2,NULL,1,0),
  (2703,29,1,331,2,NULL,1,0),
  (2704,1,1,331,2,NULL,1,0),
  (2705,9,1,331,2,NULL,0,0),
  (2706,3,1,331,2,NULL,1,0),
  (2707,29,1,332,NULL,1,0,0),
  (2708,1,1,332,NULL,1,0,0),
  (2709,3,1,332,NULL,1,1,0),
  (2710,9,1,332,NULL,1,0,0),
  (2711,2,1,332,NULL,1,0,0),
  (2712,9,1,332,NULL,2,1,0),
  (2713,2,1,332,NULL,2,1,0),
  (2714,29,1,332,NULL,2,1,0),
  (2715,1,1,332,NULL,2,1,0),
  (2716,3,1,332,NULL,2,1,0),
  (2717,2,1,332,2,NULL,1,0),
  (2718,29,1,332,2,NULL,1,0),
  (2719,1,1,332,2,NULL,1,0),
  (2720,9,1,332,2,NULL,0,0),
  (2721,3,1,332,2,NULL,1,0),
  (2722,29,1,333,NULL,1,0,0),
  (2723,1,1,333,NULL,1,0,0),
  (2724,3,1,333,NULL,1,1,0),
  (2725,9,1,333,NULL,1,0,0),
  (2726,2,1,333,NULL,1,0,0),
  (2727,9,1,333,NULL,2,1,0),
  (2728,2,1,333,NULL,2,1,0),
  (2729,29,1,333,NULL,2,1,0),
  (2730,1,1,333,NULL,2,1,0),
  (2731,3,1,333,NULL,2,1,0),
  (2732,2,1,333,2,NULL,1,0),
  (2733,29,1,333,2,NULL,1,0),
  (2734,1,1,333,2,NULL,1,0),
  (2735,9,1,333,2,NULL,0,0),
  (2736,3,1,333,2,NULL,1,0),
  (2737,29,1,334,NULL,1,0,0),
  (2738,1,1,334,NULL,1,0,0),
  (2739,3,1,334,NULL,1,1,0),
  (2740,9,1,334,NULL,1,0,0),
  (2741,2,1,334,NULL,1,0,0),
  (2742,9,1,334,NULL,2,1,0),
  (2743,2,1,334,NULL,2,1,0),
  (2744,29,1,334,NULL,2,1,0),
  (2745,1,1,334,NULL,2,1,0),
  (2746,3,1,334,NULL,2,1,0),
  (2747,2,1,334,2,NULL,1,0),
  (2748,29,1,334,2,NULL,1,0),
  (2749,1,1,334,2,NULL,1,0),
  (2750,9,1,334,2,NULL,0,0),
  (2751,3,1,334,2,NULL,1,0),
  (2752,29,1,335,NULL,1,0,0),
  (2753,1,1,335,NULL,1,0,0),
  (2754,3,1,335,NULL,1,1,0),
  (2755,9,1,335,NULL,1,0,0),
  (2756,2,1,335,NULL,1,0,0),
  (2757,9,1,335,NULL,2,1,0),
  (2758,2,1,335,NULL,2,1,0),
  (2759,29,1,335,NULL,2,1,0),
  (2760,1,1,335,NULL,2,1,0),
  (2761,3,1,335,NULL,2,1,0),
  (2762,2,1,335,2,NULL,1,0),
  (2763,29,1,335,2,NULL,1,0),
  (2764,1,1,335,2,NULL,1,0),
  (2765,9,1,335,2,NULL,0,0),
  (2766,3,1,335,2,NULL,1,0),
  (2767,29,1,336,NULL,1,0,0),
  (2768,1,1,336,NULL,1,0,0),
  (2769,3,1,336,NULL,1,1,0),
  (2770,9,1,336,NULL,1,0,0),
  (2771,2,1,336,NULL,1,0,0),
  (2772,9,1,336,NULL,2,1,0),
  (2773,2,1,336,NULL,2,1,0),
  (2774,29,1,336,NULL,2,1,0),
  (2775,1,1,336,NULL,2,1,0),
  (2776,3,1,336,NULL,2,1,0),
  (2777,2,1,336,2,NULL,1,0),
  (2778,29,1,336,2,NULL,1,0),
  (2779,1,1,336,2,NULL,1,0),
  (2780,9,1,336,2,NULL,0,0),
  (2781,3,1,336,2,NULL,1,0),
  (2782,29,1,337,NULL,1,0,0),
  (2783,1,1,337,NULL,1,0,0),
  (2784,3,1,337,NULL,1,1,0),
  (2785,9,1,337,NULL,1,0,0),
  (2786,2,1,337,NULL,1,0,0),
  (2787,9,1,337,NULL,2,1,0),
  (2788,2,1,337,NULL,2,1,0),
  (2789,29,1,337,NULL,2,1,0),
  (2790,1,1,337,NULL,2,1,0),
  (2791,3,1,337,NULL,2,1,0),
  (2792,2,1,337,2,NULL,1,0),
  (2793,29,1,337,2,NULL,1,0),
  (2794,1,1,337,2,NULL,1,0),
  (2795,9,1,337,2,NULL,0,0),
  (2796,3,1,337,2,NULL,1,0),
  (2797,29,1,338,NULL,1,0,0),
  (2798,1,1,338,NULL,1,0,0),
  (2799,3,1,338,NULL,1,1,0),
  (2800,9,1,338,NULL,1,0,0),
  (2801,2,1,338,NULL,1,0,0),
  (2802,9,1,338,NULL,2,1,0),
  (2803,2,1,338,NULL,2,1,0),
  (2804,29,1,338,NULL,2,1,0),
  (2805,1,1,338,NULL,2,1,0),
  (2806,3,1,338,NULL,2,1,0),
  (2807,2,1,338,2,NULL,1,0),
  (2808,29,1,338,2,NULL,1,0),
  (2809,1,1,338,2,NULL,1,0),
  (2810,9,1,338,2,NULL,0,0),
  (2811,3,1,338,2,NULL,1,0),
  (2812,29,1,339,NULL,1,0,0),
  (2813,1,1,339,NULL,1,0,0),
  (2814,3,1,339,NULL,1,1,0),
  (2815,9,1,339,NULL,1,0,0),
  (2816,2,1,339,NULL,1,0,0),
  (2817,9,1,339,NULL,2,1,0),
  (2818,2,1,339,NULL,2,1,0),
  (2819,29,1,339,NULL,2,1,0),
  (2820,1,1,339,NULL,2,1,0),
  (2821,3,1,339,NULL,2,1,0),
  (2822,2,1,339,2,NULL,1,0),
  (2823,29,1,339,2,NULL,1,0),
  (2824,1,1,339,2,NULL,1,0),
  (2825,9,1,339,2,NULL,0,0),
  (2826,3,1,339,2,NULL,1,0),
  (2827,29,1,340,NULL,1,0,0),
  (2828,1,1,340,NULL,1,0,0),
  (2829,3,1,340,NULL,1,1,0),
  (2830,9,1,340,NULL,1,0,0),
  (2831,2,1,340,NULL,1,0,0),
  (2832,9,1,340,NULL,2,1,0),
  (2833,2,1,340,NULL,2,1,0),
  (2834,29,1,340,NULL,2,1,0),
  (2835,1,1,340,NULL,2,1,0),
  (2836,3,1,340,NULL,2,1,0),
  (2837,2,1,340,2,NULL,1,0),
  (2838,29,1,340,2,NULL,1,0),
  (2839,1,1,340,2,NULL,1,0),
  (2840,9,1,340,2,NULL,0,0),
  (2841,3,1,340,2,NULL,1,0),
  (2842,29,1,341,NULL,1,0,0),
  (2843,1,1,341,NULL,1,0,0),
  (2844,3,1,341,NULL,1,1,0),
  (2845,9,1,341,NULL,1,0,0),
  (2846,2,1,341,NULL,1,0,0),
  (2847,9,1,341,NULL,2,1,0),
  (2848,2,1,341,NULL,2,1,0),
  (2849,29,1,341,NULL,2,1,0),
  (2850,1,1,341,NULL,2,1,0),
  (2851,3,1,341,NULL,2,1,0),
  (2852,2,1,341,2,NULL,1,0),
  (2853,29,1,341,2,NULL,1,0),
  (2854,1,1,341,2,NULL,1,0),
  (2855,9,1,341,2,NULL,0,0),
  (2856,3,1,341,2,NULL,1,0),
  (2857,29,1,342,NULL,1,0,0),
  (2858,1,1,342,NULL,1,0,0),
  (2859,3,1,342,NULL,1,1,0),
  (2860,9,1,342,NULL,1,0,0),
  (2861,2,1,342,NULL,1,0,0),
  (2862,9,1,342,NULL,2,1,0),
  (2863,2,1,342,NULL,2,1,0),
  (2864,29,1,342,NULL,2,1,0),
  (2865,1,1,342,NULL,2,1,0),
  (2866,3,1,342,NULL,2,1,0),
  (2867,2,1,342,2,NULL,1,0),
  (2868,29,1,342,2,NULL,1,0),
  (2869,1,1,342,2,NULL,1,0),
  (2870,9,1,342,2,NULL,0,0),
  (2871,3,1,342,2,NULL,1,0),
  (2872,29,1,343,NULL,1,0,0),
  (2873,1,1,343,NULL,1,0,0),
  (2874,3,1,343,NULL,1,1,0),
  (2875,9,1,343,NULL,1,0,0),
  (2876,2,1,343,NULL,1,0,0),
  (2877,9,1,343,NULL,2,1,0),
  (2878,2,1,343,NULL,2,1,0),
  (2879,29,1,343,NULL,2,1,0),
  (2880,1,1,343,NULL,2,1,0),
  (2881,3,1,343,NULL,2,1,0),
  (2882,2,1,343,2,NULL,1,0),
  (2883,29,1,343,2,NULL,1,0),
  (2884,1,1,343,2,NULL,1,0),
  (2885,9,1,343,2,NULL,0,0),
  (2886,3,1,343,2,NULL,1,0),
  (2902,29,1,345,NULL,1,0,0),
  (2903,1,1,345,NULL,1,0,0),
  (2904,3,1,345,NULL,1,1,0),
  (2905,9,1,345,NULL,1,0,0),
  (2906,2,1,345,NULL,1,0,0),
  (2907,9,1,345,NULL,2,1,0),
  (2908,2,1,345,NULL,2,1,0),
  (2909,29,1,345,NULL,2,1,0),
  (2910,1,1,345,NULL,2,1,0),
  (2911,3,1,345,NULL,2,1,0),
  (2912,2,1,345,2,NULL,1,0),
  (2913,29,1,345,2,NULL,1,0),
  (2914,1,1,345,2,NULL,1,0),
  (2915,9,1,345,2,NULL,0,0),
  (2916,3,1,345,2,NULL,1,0),
  (2917,29,1,346,NULL,1,0,0),
  (2918,1,1,346,NULL,1,0,0),
  (2919,3,1,346,NULL,1,1,0),
  (2920,9,1,346,NULL,1,0,0),
  (2921,2,1,346,NULL,1,0,0),
  (2922,9,1,346,NULL,2,1,0),
  (2923,2,1,346,NULL,2,1,0),
  (2924,29,1,346,NULL,2,1,0),
  (2925,1,1,346,NULL,2,1,0),
  (2926,3,1,346,NULL,2,1,0),
  (2927,2,1,346,2,NULL,1,0),
  (2928,29,1,346,2,NULL,1,0),
  (2929,1,1,346,2,NULL,1,0),
  (2930,9,1,346,2,NULL,0,0),
  (2931,3,1,346,2,NULL,1,0),
  (2932,29,1,347,NULL,1,0,0),
  (2933,1,1,347,NULL,1,0,0),
  (2934,3,1,347,NULL,1,1,0),
  (2935,9,1,347,NULL,1,0,0),
  (2936,2,1,347,NULL,1,0,0),
  (2937,9,1,347,NULL,2,1,0),
  (2938,2,1,347,NULL,2,1,0),
  (2939,29,1,347,NULL,2,1,0),
  (2940,1,1,347,NULL,2,1,0),
  (2941,3,1,347,NULL,2,1,0),
  (2942,2,1,347,2,NULL,1,0),
  (2943,29,1,347,2,NULL,1,0),
  (2944,1,1,347,2,NULL,1,0),
  (2945,9,1,347,2,NULL,0,0),
  (2946,3,1,347,2,NULL,1,0),
  (2947,29,1,348,NULL,1,0,0),
  (2948,1,1,348,NULL,1,0,0),
  (2949,3,1,348,NULL,1,1,0),
  (2950,9,1,348,NULL,1,0,0),
  (2951,2,1,348,NULL,1,0,0),
  (2952,9,1,348,NULL,2,1,0),
  (2953,2,1,348,NULL,2,1,0),
  (2954,29,1,348,NULL,2,1,0),
  (2955,1,1,348,NULL,2,1,0),
  (2956,3,1,348,NULL,2,1,0),
  (2957,2,1,348,2,NULL,1,0),
  (2958,29,1,348,2,NULL,1,0),
  (2959,1,1,348,2,NULL,1,0),
  (2960,9,1,348,2,NULL,0,0),
  (2961,3,1,348,2,NULL,1,0),
  (2962,29,1,349,NULL,1,0,0),
  (2963,1,1,349,NULL,1,0,0),
  (2964,3,1,349,NULL,1,1,0),
  (2965,9,1,349,NULL,1,0,0),
  (2966,2,1,349,NULL,1,0,0),
  (2967,9,1,349,NULL,2,1,0),
  (2968,2,1,349,NULL,2,1,0),
  (2969,29,1,349,NULL,2,1,0),
  (2970,1,1,349,NULL,2,1,0),
  (2971,3,1,349,NULL,2,1,0),
  (2972,2,1,349,2,NULL,1,0),
  (2973,29,1,349,2,NULL,1,0),
  (2974,1,1,349,2,NULL,1,0),
  (2975,9,1,349,2,NULL,0,0),
  (2976,3,1,349,2,NULL,1,0),
  (2977,29,1,350,NULL,1,0,0),
  (2978,1,1,350,NULL,1,0,0),
  (2979,3,1,350,NULL,1,1,0),
  (2980,9,1,350,NULL,1,0,0),
  (2981,2,1,350,NULL,1,0,0),
  (2982,9,1,350,NULL,2,1,0),
  (2983,2,1,350,NULL,2,1,0),
  (2984,29,1,350,NULL,2,1,0),
  (2985,1,1,350,NULL,2,1,0),
  (2986,3,1,350,NULL,2,1,0),
  (2987,2,1,350,2,NULL,1,0),
  (2988,29,1,350,2,NULL,1,0),
  (2989,1,1,350,2,NULL,1,0),
  (2990,9,1,350,2,NULL,0,0),
  (2991,3,1,350,2,NULL,1,0),
  (2992,29,1,351,NULL,1,0,0),
  (2993,1,1,351,NULL,1,0,0),
  (2994,3,1,351,NULL,1,1,0),
  (2995,9,1,351,NULL,1,0,0),
  (2996,2,1,351,NULL,1,0,0),
  (2997,9,1,351,NULL,2,1,0),
  (2998,2,1,351,NULL,2,1,0),
  (2999,29,1,351,NULL,2,1,0),
  (3000,1,1,351,NULL,2,1,0),
  (3001,3,1,351,NULL,2,1,0),
  (3002,2,1,351,2,NULL,1,0),
  (3003,29,1,351,2,NULL,1,0),
  (3004,1,1,351,2,NULL,1,0),
  (3005,9,1,351,2,NULL,0,0),
  (3006,3,1,351,2,NULL,1,0),
  (3007,29,1,352,NULL,1,0,0),
  (3008,1,1,352,NULL,1,0,0),
  (3009,3,1,352,NULL,1,1,0),
  (3010,9,1,352,NULL,1,0,0),
  (3011,2,1,352,NULL,1,0,0),
  (3012,9,1,352,NULL,2,1,0),
  (3013,2,1,352,NULL,2,1,0),
  (3014,29,1,352,NULL,2,1,0),
  (3015,1,1,352,NULL,2,1,0),
  (3016,3,1,352,NULL,2,1,0),
  (3017,2,1,352,2,NULL,1,0),
  (3018,29,1,352,2,NULL,1,0),
  (3019,1,1,352,2,NULL,1,0),
  (3020,9,1,352,2,NULL,0,0),
  (3021,3,1,352,2,NULL,1,0),
  (3022,29,1,353,NULL,1,0,0),
  (3023,1,1,353,NULL,1,0,0),
  (3024,3,1,353,NULL,1,1,0),
  (3025,9,1,353,NULL,1,0,0),
  (3026,2,1,353,NULL,1,0,0),
  (3027,9,1,353,NULL,2,1,0),
  (3028,2,1,353,NULL,2,1,0),
  (3029,29,1,353,NULL,2,1,0),
  (3030,1,1,353,NULL,2,1,0),
  (3031,3,1,353,NULL,2,1,0),
  (3032,2,1,353,2,NULL,1,0),
  (3033,29,1,353,2,NULL,1,0),
  (3034,1,1,353,2,NULL,1,0),
  (3035,9,1,353,2,NULL,0,0),
  (3036,3,1,353,2,NULL,1,0),
  (3037,29,1,354,NULL,1,0,0),
  (3038,1,1,354,NULL,1,0,0),
  (3039,3,1,354,NULL,1,1,0),
  (3040,9,1,354,NULL,1,0,0),
  (3041,2,1,354,NULL,1,0,0),
  (3042,9,1,354,NULL,2,1,0),
  (3043,2,1,354,NULL,2,1,0),
  (3044,29,1,354,NULL,2,1,0),
  (3045,1,1,354,NULL,2,1,0),
  (3046,3,1,354,NULL,2,1,0),
  (3047,2,1,354,2,NULL,1,0),
  (3048,29,1,354,2,NULL,1,0),
  (3049,1,1,354,2,NULL,1,0),
  (3050,9,1,354,2,NULL,0,0),
  (3051,3,1,354,2,NULL,1,0);

COMMIT;

#
# Data for the `sys_access` table  (LIMIT 1500,500)
#

INSERT INTO `sys_access` (`id`, `action_id`, `class_section_id`, `obj_id`, `uid`, `gid`, `allow`, `deny`) VALUES 
  (3052,29,1,355,NULL,1,0,0),
  (3053,1,1,355,NULL,1,0,0),
  (3054,3,1,355,NULL,1,1,0),
  (3055,9,1,355,NULL,1,0,0),
  (3056,2,1,355,NULL,1,0,0),
  (3057,9,1,355,NULL,2,1,0),
  (3058,2,1,355,NULL,2,1,0),
  (3059,29,1,355,NULL,2,1,0),
  (3060,1,1,355,NULL,2,1,0),
  (3061,3,1,355,NULL,2,1,0),
  (3062,2,1,355,2,NULL,1,0),
  (3063,29,1,355,2,NULL,1,0),
  (3064,1,1,355,2,NULL,1,0),
  (3065,9,1,355,2,NULL,0,0),
  (3066,3,1,355,2,NULL,1,0),
  (3067,29,1,356,NULL,1,0,0),
  (3068,1,1,356,NULL,1,0,0),
  (3069,3,1,356,NULL,1,1,0),
  (3070,9,1,356,NULL,1,0,0),
  (3071,2,1,356,NULL,1,0,0),
  (3072,9,1,356,NULL,2,1,0),
  (3073,2,1,356,NULL,2,1,0),
  (3074,29,1,356,NULL,2,1,0),
  (3075,1,1,356,NULL,2,1,0),
  (3076,3,1,356,NULL,2,1,0),
  (3077,2,1,356,2,NULL,1,0),
  (3078,29,1,356,2,NULL,1,0),
  (3079,1,1,356,2,NULL,1,0),
  (3080,9,1,356,2,NULL,0,0),
  (3081,3,1,356,2,NULL,1,0),
  (3082,29,1,357,NULL,1,0,0),
  (3083,1,1,357,NULL,1,0,0),
  (3084,3,1,357,NULL,1,1,0),
  (3085,9,1,357,NULL,1,0,0),
  (3086,2,1,357,NULL,1,0,0),
  (3087,9,1,357,NULL,2,1,0),
  (3088,2,1,357,NULL,2,1,0),
  (3089,29,1,357,NULL,2,1,0),
  (3090,1,1,357,NULL,2,1,0),
  (3091,3,1,357,NULL,2,1,0),
  (3092,2,1,357,2,NULL,1,0),
  (3093,29,1,357,2,NULL,1,0),
  (3094,1,1,357,2,NULL,1,0),
  (3095,9,1,357,2,NULL,0,0),
  (3096,3,1,357,2,NULL,1,0),
  (3097,29,1,358,NULL,1,0,0),
  (3098,1,1,358,NULL,1,0,0),
  (3099,3,1,358,NULL,1,1,0),
  (3100,9,1,358,NULL,1,0,0),
  (3101,2,1,358,NULL,1,0,0),
  (3102,9,1,358,NULL,2,1,0),
  (3103,2,1,358,NULL,2,1,0),
  (3104,29,1,358,NULL,2,1,0),
  (3105,1,1,358,NULL,2,1,0),
  (3106,3,1,358,NULL,2,1,0),
  (3107,2,1,358,2,NULL,1,0),
  (3108,29,1,358,2,NULL,1,0),
  (3109,1,1,358,2,NULL,1,0),
  (3110,9,1,358,2,NULL,0,0),
  (3111,3,1,358,2,NULL,1,0),
  (3112,29,1,359,NULL,1,0,0),
  (3113,1,1,359,NULL,1,0,0),
  (3114,3,1,359,NULL,1,1,0),
  (3115,9,1,359,NULL,1,0,0),
  (3116,2,1,359,NULL,1,0,0),
  (3117,9,1,359,NULL,2,1,0),
  (3118,2,1,359,NULL,2,1,0),
  (3119,29,1,359,NULL,2,1,0),
  (3120,1,1,359,NULL,2,1,0),
  (3121,3,1,359,NULL,2,1,0),
  (3122,2,1,359,2,NULL,1,0),
  (3123,29,1,359,2,NULL,1,0),
  (3124,1,1,359,2,NULL,1,0),
  (3125,9,1,359,2,NULL,0,0),
  (3126,3,1,359,2,NULL,1,0),
  (3127,29,1,360,NULL,1,0,0),
  (3128,1,1,360,NULL,1,0,0),
  (3129,3,1,360,NULL,1,1,0),
  (3130,9,1,360,NULL,1,0,0),
  (3131,2,1,360,NULL,1,0,0),
  (3132,9,1,360,NULL,2,1,0),
  (3133,2,1,360,NULL,2,1,0),
  (3134,29,1,360,NULL,2,1,0),
  (3135,1,1,360,NULL,2,1,0),
  (3136,3,1,360,NULL,2,1,0),
  (3137,2,1,360,2,NULL,1,0),
  (3138,29,1,360,2,NULL,1,0),
  (3139,1,1,360,2,NULL,1,0),
  (3140,9,1,360,2,NULL,0,0),
  (3141,3,1,360,2,NULL,1,0),
  (3142,29,1,361,NULL,1,0,0),
  (3143,1,1,361,NULL,1,0,0),
  (3144,3,1,361,NULL,1,1,0),
  (3145,9,1,361,NULL,1,0,0),
  (3146,2,1,361,NULL,1,0,0),
  (3147,9,1,361,NULL,2,1,0),
  (3148,2,1,361,NULL,2,1,0),
  (3149,29,1,361,NULL,2,1,0),
  (3150,1,1,361,NULL,2,1,0),
  (3151,3,1,361,NULL,2,1,0),
  (3152,2,1,361,2,NULL,1,0),
  (3153,29,1,361,2,NULL,1,0),
  (3154,1,1,361,2,NULL,1,0),
  (3155,9,1,361,2,NULL,0,0),
  (3156,3,1,361,2,NULL,1,0),
  (3157,29,1,362,NULL,1,0,0),
  (3158,1,1,362,NULL,1,0,0),
  (3159,3,1,362,NULL,1,1,0),
  (3160,9,1,362,NULL,1,0,0),
  (3161,2,1,362,NULL,1,0,0),
  (3162,9,1,362,NULL,2,1,0),
  (3163,2,1,362,NULL,2,1,0),
  (3164,29,1,362,NULL,2,1,0),
  (3165,1,1,362,NULL,2,1,0),
  (3166,3,1,362,NULL,2,1,0),
  (3167,2,1,362,2,NULL,1,0),
  (3168,29,1,362,2,NULL,1,0),
  (3169,1,1,362,2,NULL,1,0),
  (3170,9,1,362,2,NULL,0,0),
  (3171,3,1,362,2,NULL,1,0),
  (3172,29,1,363,NULL,1,0,0),
  (3173,1,1,363,NULL,1,0,0),
  (3174,3,1,363,NULL,1,1,0),
  (3175,9,1,363,NULL,1,0,0),
  (3176,2,1,363,NULL,1,0,0),
  (3177,9,1,363,NULL,2,1,0),
  (3178,2,1,363,NULL,2,1,0),
  (3179,29,1,363,NULL,2,1,0),
  (3180,1,1,363,NULL,2,1,0),
  (3181,3,1,363,NULL,2,1,0),
  (3182,2,1,363,2,NULL,1,0),
  (3183,29,1,363,2,NULL,1,0),
  (3184,1,1,363,2,NULL,1,0),
  (3185,9,1,363,2,NULL,0,0),
  (3186,3,1,363,2,NULL,1,0),
  (3187,29,1,364,NULL,1,0,0),
  (3188,1,1,364,NULL,1,0,0),
  (3189,3,1,364,NULL,1,1,0),
  (3190,9,1,364,NULL,1,0,0),
  (3191,2,1,364,NULL,1,0,0),
  (3192,9,1,364,NULL,2,1,0),
  (3193,2,1,364,NULL,2,1,0),
  (3194,29,1,364,NULL,2,1,0),
  (3195,1,1,364,NULL,2,1,0),
  (3196,3,1,364,NULL,2,1,0),
  (3197,2,1,364,2,NULL,1,0),
  (3198,29,1,364,2,NULL,1,0),
  (3199,1,1,364,2,NULL,1,0),
  (3200,9,1,364,2,NULL,0,0),
  (3201,3,1,364,2,NULL,1,0),
  (3202,29,1,365,NULL,1,0,0),
  (3203,1,1,365,NULL,1,0,0),
  (3204,3,1,365,NULL,1,1,0),
  (3205,9,1,365,NULL,1,0,0),
  (3206,2,1,365,NULL,1,0,0),
  (3207,9,1,365,NULL,2,1,0),
  (3208,2,1,365,NULL,2,1,0),
  (3209,29,1,365,NULL,2,1,0),
  (3210,1,1,365,NULL,2,1,0),
  (3211,3,1,365,NULL,2,1,0),
  (3212,2,1,365,2,NULL,1,0),
  (3213,29,1,365,2,NULL,1,0),
  (3214,1,1,365,2,NULL,1,0),
  (3215,9,1,365,2,NULL,0,0),
  (3216,3,1,365,2,NULL,1,0),
  (3217,29,1,366,NULL,1,0,0),
  (3218,1,1,366,NULL,1,0,0),
  (3219,3,1,366,NULL,1,1,0),
  (3220,9,1,366,NULL,1,0,0),
  (3221,2,1,366,NULL,1,0,0),
  (3222,9,1,366,NULL,2,1,0),
  (3223,2,1,366,NULL,2,1,0),
  (3224,29,1,366,NULL,2,1,0),
  (3225,1,1,366,NULL,2,1,0),
  (3226,3,1,366,NULL,2,1,0),
  (3227,2,1,366,2,NULL,1,0),
  (3228,29,1,366,2,NULL,1,0),
  (3229,1,1,366,2,NULL,1,0),
  (3230,9,1,366,2,NULL,0,0),
  (3231,3,1,366,2,NULL,1,0),
  (3232,29,1,367,NULL,1,0,0),
  (3233,1,1,367,NULL,1,0,0),
  (3234,3,1,367,NULL,1,1,0),
  (3235,9,1,367,NULL,1,0,0),
  (3236,2,1,367,NULL,1,0,0),
  (3237,9,1,367,NULL,2,1,0),
  (3238,2,1,367,NULL,2,1,0),
  (3239,29,1,367,NULL,2,1,0),
  (3240,1,1,367,NULL,2,1,0),
  (3241,3,1,367,NULL,2,1,0),
  (3242,2,1,367,2,NULL,1,0),
  (3243,29,1,367,2,NULL,1,0),
  (3244,1,1,367,2,NULL,1,0),
  (3245,9,1,367,2,NULL,0,0),
  (3246,3,1,367,2,NULL,1,0),
  (3247,29,1,368,NULL,1,0,0),
  (3248,1,1,368,NULL,1,0,0),
  (3249,3,1,368,NULL,1,1,0),
  (3250,9,1,368,NULL,1,0,0),
  (3251,2,1,368,NULL,1,0,0),
  (3252,9,1,368,NULL,2,1,0),
  (3253,2,1,368,NULL,2,1,0),
  (3254,29,1,368,NULL,2,1,0),
  (3255,1,1,368,NULL,2,1,0),
  (3256,3,1,368,NULL,2,1,0),
  (3257,2,1,368,2,NULL,1,0),
  (3258,29,1,368,2,NULL,1,0),
  (3259,1,1,368,2,NULL,1,0),
  (3260,9,1,368,2,NULL,0,0),
  (3261,3,1,368,2,NULL,1,0),
  (3262,29,1,369,NULL,1,0,0),
  (3263,1,1,369,NULL,1,0,0),
  (3264,3,1,369,NULL,1,1,0),
  (3265,9,1,369,NULL,1,0,0),
  (3266,2,1,369,NULL,1,0,0),
  (3267,9,1,369,NULL,2,1,0),
  (3268,2,1,369,NULL,2,1,0),
  (3269,29,1,369,NULL,2,1,0),
  (3270,1,1,369,NULL,2,1,0),
  (3271,3,1,369,NULL,2,1,0),
  (3272,2,1,369,2,NULL,1,0),
  (3273,29,1,369,2,NULL,1,0),
  (3274,1,1,369,2,NULL,1,0),
  (3275,9,1,369,2,NULL,0,0),
  (3276,3,1,369,2,NULL,1,0),
  (3277,29,1,370,NULL,1,0,0),
  (3278,1,1,370,NULL,1,0,0),
  (3279,3,1,370,NULL,1,1,0),
  (3280,9,1,370,NULL,1,0,0),
  (3281,2,1,370,NULL,1,0,0),
  (3282,9,1,370,NULL,2,1,0),
  (3283,2,1,370,NULL,2,1,0),
  (3284,29,1,370,NULL,2,1,0),
  (3285,1,1,370,NULL,2,1,0),
  (3286,3,1,370,NULL,2,1,0),
  (3287,2,1,370,2,NULL,1,0),
  (3288,29,1,370,2,NULL,1,0),
  (3289,1,1,370,2,NULL,1,0),
  (3290,9,1,370,2,NULL,0,0),
  (3291,3,1,370,2,NULL,1,0),
  (3292,29,1,371,NULL,1,0,0),
  (3293,1,1,371,NULL,1,0,0),
  (3294,3,1,371,NULL,1,1,0),
  (3295,9,1,371,NULL,1,0,0),
  (3296,2,1,371,NULL,1,0,0),
  (3297,9,1,371,NULL,2,1,0),
  (3298,2,1,371,NULL,2,1,0),
  (3299,29,1,371,NULL,2,1,0),
  (3300,1,1,371,NULL,2,1,0),
  (3301,3,1,371,NULL,2,1,0),
  (3302,2,1,371,2,NULL,1,0),
  (3303,29,1,371,2,NULL,1,0),
  (3304,1,1,371,2,NULL,1,0),
  (3305,9,1,371,2,NULL,0,0),
  (3306,3,1,371,2,NULL,1,0),
  (3307,29,1,372,NULL,1,0,0),
  (3308,1,1,372,NULL,1,0,0),
  (3309,3,1,372,NULL,1,1,0),
  (3310,9,1,372,NULL,1,0,0),
  (3311,2,1,372,NULL,1,0,0),
  (3312,9,1,372,NULL,2,1,0),
  (3313,2,1,372,NULL,2,1,0),
  (3314,29,1,372,NULL,2,1,0),
  (3315,1,1,372,NULL,2,1,0),
  (3316,3,1,372,NULL,2,1,0),
  (3317,2,1,372,2,NULL,1,0),
  (3318,29,1,372,2,NULL,1,0),
  (3319,1,1,372,2,NULL,1,0),
  (3320,9,1,372,2,NULL,0,0),
  (3321,3,1,372,2,NULL,1,0),
  (3322,29,1,373,NULL,1,0,0),
  (3323,1,1,373,NULL,1,0,0),
  (3324,3,1,373,NULL,1,1,0),
  (3325,9,1,373,NULL,1,0,0),
  (3326,2,1,373,NULL,1,0,0),
  (3327,9,1,373,NULL,2,1,0),
  (3328,2,1,373,NULL,2,1,0),
  (3329,29,1,373,NULL,2,1,0),
  (3330,1,1,373,NULL,2,1,0),
  (3331,3,1,373,NULL,2,1,0),
  (3332,2,1,373,2,NULL,1,0),
  (3333,29,1,373,2,NULL,1,0),
  (3334,1,1,373,2,NULL,1,0),
  (3335,9,1,373,2,NULL,0,0),
  (3336,3,1,373,2,NULL,1,0),
  (3337,29,1,374,NULL,1,0,0),
  (3338,1,1,374,NULL,1,0,0),
  (3339,3,1,374,NULL,1,1,0),
  (3340,9,1,374,NULL,1,0,0),
  (3341,2,1,374,NULL,1,0,0),
  (3342,9,1,374,NULL,2,1,0),
  (3343,2,1,374,NULL,2,1,0),
  (3344,29,1,374,NULL,2,1,0),
  (3345,1,1,374,NULL,2,1,0),
  (3346,3,1,374,NULL,2,1,0),
  (3347,2,1,374,2,NULL,1,0),
  (3348,29,1,374,2,NULL,1,0),
  (3349,1,1,374,2,NULL,1,0),
  (3350,9,1,374,2,NULL,0,0),
  (3351,3,1,374,2,NULL,1,0),
  (3352,29,1,375,NULL,1,0,0),
  (3353,1,1,375,NULL,1,0,0),
  (3354,3,1,375,NULL,1,1,0),
  (3355,9,1,375,NULL,1,0,0),
  (3356,2,1,375,NULL,1,0,0),
  (3357,9,1,375,NULL,2,1,0),
  (3358,2,1,375,NULL,2,1,0),
  (3359,29,1,375,NULL,2,1,0),
  (3360,1,1,375,NULL,2,1,0),
  (3361,3,1,375,NULL,2,1,0),
  (3362,2,1,375,2,NULL,1,0),
  (3363,29,1,375,2,NULL,1,0),
  (3364,1,1,375,2,NULL,1,0),
  (3365,9,1,375,2,NULL,0,0),
  (3366,3,1,375,2,NULL,1,0),
  (3367,29,1,376,NULL,1,0,0),
  (3368,1,1,376,NULL,1,0,0),
  (3369,3,1,376,NULL,1,1,0),
  (3370,9,1,376,NULL,1,0,0),
  (3371,2,1,376,NULL,1,0,0),
  (3372,9,1,376,NULL,2,1,0),
  (3373,2,1,376,NULL,2,1,0),
  (3374,29,1,376,NULL,2,1,0),
  (3375,1,1,376,NULL,2,1,0),
  (3376,3,1,376,NULL,2,1,0),
  (3377,2,1,376,2,NULL,1,0),
  (3378,29,1,376,2,NULL,1,0),
  (3379,1,1,376,2,NULL,1,0),
  (3380,9,1,376,2,NULL,0,0),
  (3381,3,1,376,2,NULL,1,0),
  (3382,29,1,377,NULL,1,0,0),
  (3383,1,1,377,NULL,1,0,0),
  (3384,3,1,377,NULL,1,1,0),
  (3385,9,1,377,NULL,1,0,0),
  (3386,2,1,377,NULL,1,0,0),
  (3387,9,1,377,NULL,2,1,0),
  (3388,2,1,377,NULL,2,1,0),
  (3389,29,1,377,NULL,2,1,0),
  (3390,1,1,377,NULL,2,1,0),
  (3391,3,1,377,NULL,2,1,0),
  (3392,2,1,377,2,NULL,1,0),
  (3393,29,1,377,2,NULL,1,0),
  (3394,1,1,377,2,NULL,1,0),
  (3395,9,1,377,2,NULL,0,0),
  (3396,3,1,377,2,NULL,1,0),
  (3397,29,1,378,NULL,1,0,0),
  (3398,1,1,378,NULL,1,0,0),
  (3399,3,1,378,NULL,1,1,0),
  (3400,9,1,378,NULL,1,0,0),
  (3401,2,1,378,NULL,1,0,0),
  (3407,2,1,378,2,NULL,1,0),
  (3408,29,1,378,2,NULL,1,0),
  (3409,1,1,378,2,NULL,1,0),
  (3410,9,1,378,2,NULL,0,0),
  (3411,3,1,378,2,NULL,1,0),
  (3412,29,1,379,NULL,1,0,0),
  (3413,1,1,379,NULL,1,0,0),
  (3414,3,1,379,NULL,1,1,0),
  (3415,9,1,379,NULL,1,0,0),
  (3416,2,1,379,NULL,1,0,0),
  (3417,9,1,379,NULL,2,1,0),
  (3418,2,1,379,NULL,2,1,0),
  (3419,29,1,379,NULL,2,1,0),
  (3420,1,1,379,NULL,2,1,0),
  (3421,3,1,379,NULL,2,1,0),
  (3422,2,1,379,2,NULL,1,0),
  (3423,29,1,379,2,NULL,1,0),
  (3424,1,1,379,2,NULL,1,0),
  (3425,9,1,379,2,NULL,0,0),
  (3426,3,1,379,2,NULL,1,0),
  (3427,29,1,380,NULL,1,0,0),
  (3428,1,1,380,NULL,1,0,0),
  (3429,3,1,380,NULL,1,1,0),
  (3430,9,1,380,NULL,1,0,0),
  (3431,2,1,380,NULL,1,0,0),
  (3432,9,1,380,NULL,2,1,0),
  (3433,2,1,380,NULL,2,1,0),
  (3434,29,1,380,NULL,2,1,0),
  (3435,1,1,380,NULL,2,1,0),
  (3436,3,1,380,NULL,2,1,0),
  (3437,2,1,380,2,NULL,1,0),
  (3438,29,1,380,2,NULL,1,0),
  (3439,1,1,380,2,NULL,1,0),
  (3440,9,1,380,2,NULL,0,0),
  (3441,3,1,380,2,NULL,1,0),
  (3442,29,1,381,NULL,1,0,0),
  (3443,1,1,381,NULL,1,0,0),
  (3444,3,1,381,NULL,1,1,0),
  (3445,9,1,381,NULL,1,0,0),
  (3446,2,1,381,NULL,1,0,0),
  (3447,9,1,381,NULL,2,1,0),
  (3448,2,1,381,NULL,2,1,0),
  (3449,29,1,381,NULL,2,1,0),
  (3450,1,1,381,NULL,2,1,0),
  (3451,3,1,381,NULL,2,1,0),
  (3452,2,1,381,2,NULL,1,0),
  (3453,29,1,381,2,NULL,1,0),
  (3454,1,1,381,2,NULL,1,0),
  (3455,9,1,381,2,NULL,0,0),
  (3456,3,1,381,2,NULL,1,0),
  (3457,29,1,382,NULL,1,0,0),
  (3458,1,1,382,NULL,1,0,0),
  (3459,3,1,382,NULL,1,1,0),
  (3460,9,1,382,NULL,1,0,0),
  (3461,2,1,382,NULL,1,0,0),
  (3462,9,1,382,NULL,2,1,0),
  (3463,2,1,382,NULL,2,1,0),
  (3464,29,1,382,NULL,2,1,0),
  (3465,1,1,382,NULL,2,1,0),
  (3466,3,1,382,NULL,2,1,0),
  (3467,2,1,382,2,NULL,1,0),
  (3468,29,1,382,2,NULL,1,0),
  (3469,1,1,382,2,NULL,1,0),
  (3470,9,1,382,2,NULL,0,0),
  (3471,3,1,382,2,NULL,1,0),
  (3472,29,1,383,NULL,1,0,0),
  (3473,1,1,383,NULL,1,0,0),
  (3474,3,1,383,NULL,1,1,0),
  (3475,9,1,383,NULL,1,0,0),
  (3476,2,1,383,NULL,1,0,0),
  (3477,9,1,383,NULL,2,1,0),
  (3478,2,1,383,NULL,2,1,0),
  (3479,29,1,383,NULL,2,1,0),
  (3480,1,1,383,NULL,2,1,0),
  (3481,3,1,383,NULL,2,1,0),
  (3482,2,1,383,2,NULL,1,0),
  (3483,29,1,383,2,NULL,1,0),
  (3484,1,1,383,2,NULL,1,0),
  (3485,9,1,383,2,NULL,0,0),
  (3486,3,1,383,2,NULL,1,0),
  (3487,29,1,384,NULL,1,0,0),
  (3488,1,1,384,NULL,1,0,0),
  (3489,3,1,384,NULL,1,1,0),
  (3490,9,1,384,NULL,1,0,0),
  (3491,2,1,384,NULL,1,0,0),
  (3492,9,1,384,NULL,2,1,0),
  (3493,2,1,384,NULL,2,1,0),
  (3494,29,1,384,NULL,2,1,0),
  (3495,1,1,384,NULL,2,1,0),
  (3496,3,1,384,NULL,2,1,0),
  (3497,2,1,384,2,NULL,1,0),
  (3498,29,1,384,2,NULL,1,0),
  (3499,1,1,384,2,NULL,1,0),
  (3500,9,1,384,2,NULL,0,0),
  (3501,3,1,384,2,NULL,1,0),
  (3502,29,1,385,NULL,1,0,0),
  (3503,1,1,385,NULL,1,0,0),
  (3504,3,1,385,NULL,1,1,0),
  (3505,9,1,385,NULL,1,0,0),
  (3506,2,1,385,NULL,1,0,0),
  (3507,9,1,385,NULL,2,1,0),
  (3508,2,1,385,NULL,2,1,0),
  (3509,29,1,385,NULL,2,1,0),
  (3510,1,1,385,NULL,2,1,0),
  (3511,3,1,385,NULL,2,1,0),
  (3512,2,1,385,2,NULL,1,0),
  (3513,29,1,385,2,NULL,1,0),
  (3514,1,1,385,2,NULL,1,0),
  (3515,9,1,385,2,NULL,0,0),
  (3516,3,1,385,2,NULL,1,0),
  (3517,29,1,386,NULL,1,0,0),
  (3518,1,1,386,NULL,1,0,0),
  (3519,3,1,386,NULL,1,1,0),
  (3520,9,1,386,NULL,1,0,0),
  (3521,2,1,386,NULL,1,0,0),
  (3522,9,1,386,NULL,2,1,0),
  (3523,2,1,386,NULL,2,1,0),
  (3524,29,1,386,NULL,2,1,0),
  (3525,1,1,386,NULL,2,1,0),
  (3526,3,1,386,NULL,2,1,0),
  (3527,2,1,386,2,NULL,1,0),
  (3528,29,1,386,2,NULL,1,0),
  (3529,1,1,386,2,NULL,1,0),
  (3530,9,1,386,2,NULL,0,0),
  (3531,3,1,386,2,NULL,1,0),
  (3532,29,1,387,NULL,1,0,0),
  (3533,1,1,387,NULL,1,0,0),
  (3534,3,1,387,NULL,1,1,0),
  (3535,9,1,387,NULL,1,0,0),
  (3536,2,1,387,NULL,1,0,0),
  (3537,9,1,387,NULL,2,1,0),
  (3538,2,1,387,NULL,2,1,0),
  (3539,29,1,387,NULL,2,1,0),
  (3540,1,1,387,NULL,2,1,0),
  (3541,3,1,387,NULL,2,1,0),
  (3542,2,1,387,2,NULL,1,0),
  (3543,29,1,387,2,NULL,1,0),
  (3544,1,1,387,2,NULL,1,0),
  (3545,9,1,387,2,NULL,0,0),
  (3546,3,1,387,2,NULL,1,0),
  (3547,29,1,388,NULL,1,0,0),
  (3548,1,1,388,NULL,1,0,0),
  (3549,3,1,388,NULL,1,1,0),
  (3550,9,1,388,NULL,1,0,0),
  (3551,2,1,388,NULL,1,0,0),
  (3552,9,1,388,NULL,2,1,0),
  (3553,2,1,388,NULL,2,1,0),
  (3554,29,1,388,NULL,2,1,0),
  (3555,1,1,388,NULL,2,1,0),
  (3556,3,1,388,NULL,2,1,0);

COMMIT;

#
# Data for the `sys_access` table  (LIMIT 2000,500)
#

INSERT INTO `sys_access` (`id`, `action_id`, `class_section_id`, `obj_id`, `uid`, `gid`, `allow`, `deny`) VALUES 
  (3557,2,1,388,2,NULL,1,0),
  (3558,29,1,388,2,NULL,1,0),
  (3559,1,1,388,2,NULL,1,0),
  (3560,9,1,388,2,NULL,0,0),
  (3561,3,1,388,2,NULL,1,0),
  (3562,29,1,389,NULL,1,0,0),
  (3563,1,1,389,NULL,1,0,0),
  (3564,3,1,389,NULL,1,1,0),
  (3565,9,1,389,NULL,1,0,0),
  (3566,2,1,389,NULL,1,0,0),
  (3567,9,1,389,NULL,2,1,0),
  (3568,2,1,389,NULL,2,1,0),
  (3569,29,1,389,NULL,2,1,0),
  (3570,1,1,389,NULL,2,1,0),
  (3571,3,1,389,NULL,2,1,0),
  (3572,2,1,389,2,NULL,1,0),
  (3573,29,1,389,2,NULL,1,0),
  (3574,1,1,389,2,NULL,1,0),
  (3575,9,1,389,2,NULL,0,0),
  (3576,3,1,389,2,NULL,1,0),
  (3577,29,1,390,NULL,1,0,0),
  (3578,1,1,390,NULL,1,0,0),
  (3579,3,1,390,NULL,1,1,0),
  (3580,9,1,390,NULL,1,0,0),
  (3581,2,1,390,NULL,1,0,0),
  (3582,9,1,390,NULL,2,1,0),
  (3583,2,1,390,NULL,2,1,0),
  (3584,29,1,390,NULL,2,1,0),
  (3585,1,1,390,NULL,2,1,0),
  (3586,3,1,390,NULL,2,1,0),
  (3587,2,1,390,2,NULL,1,0),
  (3588,29,1,390,2,NULL,1,0),
  (3589,1,1,390,2,NULL,1,0),
  (3590,9,1,390,2,NULL,0,0),
  (3591,3,1,390,2,NULL,1,0),
  (3592,29,1,391,NULL,1,0,0),
  (3593,1,1,391,NULL,1,0,0),
  (3594,3,1,391,NULL,1,1,0),
  (3595,9,1,391,NULL,1,0,0),
  (3596,2,1,391,NULL,1,0,0),
  (3597,9,1,391,NULL,2,1,0),
  (3598,2,1,391,NULL,2,1,0),
  (3599,29,1,391,NULL,2,1,0),
  (3600,1,1,391,NULL,2,1,0),
  (3601,3,1,391,NULL,2,1,0),
  (3602,2,1,391,2,NULL,1,0),
  (3603,29,1,391,2,NULL,1,0),
  (3604,1,1,391,2,NULL,1,0),
  (3605,9,1,391,2,NULL,0,0),
  (3606,3,1,391,2,NULL,1,0),
  (3607,29,1,392,NULL,1,0,0),
  (3608,1,1,392,NULL,1,0,0),
  (3609,3,1,392,NULL,1,1,0),
  (3610,9,1,392,NULL,1,0,0),
  (3611,2,1,392,NULL,1,0,0),
  (3612,9,1,392,NULL,2,1,0),
  (3613,2,1,392,NULL,2,1,0),
  (3614,29,1,392,NULL,2,1,0),
  (3615,1,1,392,NULL,2,1,0),
  (3616,3,1,392,NULL,2,1,0),
  (3617,2,1,392,2,NULL,1,0),
  (3618,29,1,392,2,NULL,1,0),
  (3619,1,1,392,2,NULL,1,0),
  (3620,9,1,392,2,NULL,0,0),
  (3621,3,1,392,2,NULL,1,0),
  (3622,29,1,393,NULL,1,0,0),
  (3623,1,1,393,NULL,1,0,0),
  (3624,3,1,393,NULL,1,1,0),
  (3625,9,1,393,NULL,1,0,0),
  (3626,2,1,393,NULL,1,0,0),
  (3627,9,1,393,NULL,2,1,0),
  (3628,2,1,393,NULL,2,1,0),
  (3629,29,1,393,NULL,2,1,0),
  (3630,1,1,393,NULL,2,1,0),
  (3631,3,1,393,NULL,2,1,0),
  (3632,2,1,393,2,NULL,1,0),
  (3633,29,1,393,2,NULL,1,0),
  (3634,1,1,393,2,NULL,1,0),
  (3635,9,1,393,2,NULL,0,0),
  (3636,3,1,393,2,NULL,1,0),
  (3637,29,1,394,NULL,1,0,0),
  (3638,1,1,394,NULL,1,0,0),
  (3639,3,1,394,NULL,1,1,0),
  (3640,9,1,394,NULL,1,0,0),
  (3641,2,1,394,NULL,1,0,0),
  (3642,9,1,394,NULL,2,1,0),
  (3643,2,1,394,NULL,2,1,0),
  (3644,29,1,394,NULL,2,1,0),
  (3645,1,1,394,NULL,2,1,0),
  (3646,3,1,394,NULL,2,1,0),
  (3647,2,1,394,2,NULL,1,0),
  (3648,29,1,394,2,NULL,1,0),
  (3649,1,1,394,2,NULL,1,0),
  (3650,9,1,394,2,NULL,0,0),
  (3651,3,1,394,2,NULL,1,0),
  (3652,29,1,395,NULL,1,0,0),
  (3653,1,1,395,NULL,1,0,0),
  (3654,3,1,395,NULL,1,1,0),
  (3655,9,1,395,NULL,1,0,0),
  (3656,2,1,395,NULL,1,0,0),
  (3657,9,1,395,NULL,2,1,0),
  (3658,2,1,395,NULL,2,1,0),
  (3659,29,1,395,NULL,2,1,0),
  (3660,1,1,395,NULL,2,1,0),
  (3661,3,1,395,NULL,2,1,0),
  (3662,2,1,395,2,NULL,1,0),
  (3663,29,1,395,2,NULL,1,0),
  (3664,1,1,395,2,NULL,1,0),
  (3665,9,1,395,2,NULL,0,0),
  (3666,3,1,395,2,NULL,1,0),
  (3667,29,1,396,NULL,1,0,0),
  (3668,1,1,396,NULL,1,0,0),
  (3669,3,1,396,NULL,1,1,0),
  (3670,9,1,396,NULL,1,0,0),
  (3671,2,1,396,NULL,1,0,0),
  (3672,9,1,396,NULL,2,1,0),
  (3673,2,1,396,NULL,2,1,0),
  (3674,29,1,396,NULL,2,1,0),
  (3675,1,1,396,NULL,2,1,0),
  (3676,3,1,396,NULL,2,1,0),
  (3677,2,1,396,2,NULL,1,0),
  (3678,29,1,396,2,NULL,1,0),
  (3679,1,1,396,2,NULL,1,0),
  (3680,9,1,396,2,NULL,0,0),
  (3681,3,1,396,2,NULL,1,0),
  (3682,29,1,397,NULL,1,0,0),
  (3683,1,1,397,NULL,1,0,0),
  (3684,3,1,397,NULL,1,1,0),
  (3685,9,1,397,NULL,1,0,0),
  (3686,2,1,397,NULL,1,0,0),
  (3687,9,1,397,NULL,2,1,0),
  (3688,2,1,397,NULL,2,1,0),
  (3689,29,1,397,NULL,2,1,0),
  (3690,1,1,397,NULL,2,1,0),
  (3691,3,1,397,NULL,2,1,0),
  (3692,2,1,397,2,NULL,1,0),
  (3693,29,1,397,2,NULL,1,0),
  (3694,1,1,397,2,NULL,1,0),
  (3695,9,1,397,2,NULL,0,0),
  (3696,3,1,397,2,NULL,1,0),
  (3697,29,1,398,NULL,1,0,0),
  (3698,1,1,398,NULL,1,0,0),
  (3699,3,1,398,NULL,1,1,0),
  (3700,9,1,398,NULL,1,0,0),
  (3701,2,1,398,NULL,1,0,0),
  (3702,9,1,398,NULL,2,1,0),
  (3703,2,1,398,NULL,2,1,0),
  (3704,29,1,398,NULL,2,1,0),
  (3705,1,1,398,NULL,2,1,0),
  (3706,3,1,398,NULL,2,1,0),
  (3707,2,1,398,2,NULL,1,0),
  (3708,29,1,398,2,NULL,1,0),
  (3709,1,1,398,2,NULL,1,0),
  (3710,9,1,398,2,NULL,0,0),
  (3711,3,1,398,2,NULL,1,0),
  (3712,29,1,399,NULL,1,0,0),
  (3713,1,1,399,NULL,1,0,0),
  (3714,3,1,399,NULL,1,1,0),
  (3715,9,1,399,NULL,1,0,0),
  (3716,2,1,399,NULL,1,0,0),
  (3717,9,1,399,NULL,2,1,0),
  (3718,2,1,399,NULL,2,1,0),
  (3719,29,1,399,NULL,2,1,0),
  (3720,1,1,399,NULL,2,1,0),
  (3721,3,1,399,NULL,2,1,0),
  (3722,2,1,399,2,NULL,1,0),
  (3723,29,1,399,2,NULL,1,0),
  (3724,1,1,399,2,NULL,1,0),
  (3725,9,1,399,2,NULL,0,0),
  (3726,3,1,399,2,NULL,1,0),
  (3727,29,1,400,NULL,1,0,0),
  (3728,1,1,400,NULL,1,0,0),
  (3729,3,1,400,NULL,1,1,0),
  (3730,9,1,400,NULL,1,0,0),
  (3731,2,1,400,NULL,1,0,0),
  (3732,9,1,400,NULL,2,1,0),
  (3733,2,1,400,NULL,2,1,0),
  (3734,29,1,400,NULL,2,1,0),
  (3735,1,1,400,NULL,2,1,0),
  (3736,3,1,400,NULL,2,1,0),
  (3737,2,1,400,2,NULL,1,0),
  (3738,29,1,400,2,NULL,1,0),
  (3739,1,1,400,2,NULL,1,0),
  (3740,9,1,400,2,NULL,0,0),
  (3741,3,1,400,2,NULL,1,0),
  (3742,29,1,401,NULL,1,0,0),
  (3743,1,1,401,NULL,1,0,0),
  (3744,3,1,401,NULL,1,1,0),
  (3745,9,1,401,NULL,1,0,0),
  (3746,2,1,401,NULL,1,0,0),
  (3747,9,1,401,NULL,2,1,0),
  (3748,2,1,401,NULL,2,1,0),
  (3749,29,1,401,NULL,2,1,0),
  (3750,1,1,401,NULL,2,1,0),
  (3751,3,1,401,NULL,2,1,0),
  (3752,2,1,401,2,NULL,1,0),
  (3753,29,1,401,2,NULL,1,0),
  (3754,1,1,401,2,NULL,1,0),
  (3755,9,1,401,2,NULL,0,0),
  (3756,3,1,401,2,NULL,1,0),
  (3757,29,1,402,NULL,1,0,0),
  (3758,1,1,402,NULL,1,0,0),
  (3759,3,1,402,NULL,1,1,0),
  (3760,9,1,402,NULL,1,0,0),
  (3761,2,1,402,NULL,1,0,0),
  (3762,9,1,402,NULL,2,1,0),
  (3763,2,1,402,NULL,2,1,0),
  (3764,29,1,402,NULL,2,1,0),
  (3765,1,1,402,NULL,2,1,0),
  (3766,3,1,402,NULL,2,1,0),
  (3767,2,1,402,2,NULL,1,0),
  (3768,29,1,402,2,NULL,1,0),
  (3769,1,1,402,2,NULL,1,0),
  (3770,9,1,402,2,NULL,0,0),
  (3771,3,1,402,2,NULL,1,0),
  (3772,29,1,403,NULL,1,0,0),
  (3773,1,1,403,NULL,1,0,0),
  (3774,3,1,403,NULL,1,1,0),
  (3775,9,1,403,NULL,1,0,0),
  (3776,2,1,403,NULL,1,0,0),
  (3777,9,1,403,NULL,2,1,0),
  (3778,2,1,403,NULL,2,1,0),
  (3779,29,1,403,NULL,2,1,0),
  (3780,1,1,403,NULL,2,1,0),
  (3781,3,1,403,NULL,2,1,0),
  (3782,2,1,403,2,NULL,1,0),
  (3783,29,1,403,2,NULL,1,0),
  (3784,1,1,403,2,NULL,1,0),
  (3785,9,1,403,2,NULL,0,0),
  (3786,3,1,403,2,NULL,1,0),
  (3787,29,1,404,NULL,1,0,0),
  (3788,1,1,404,NULL,1,0,0),
  (3789,3,1,404,NULL,1,1,0),
  (3790,9,1,404,NULL,1,0,0),
  (3791,2,1,404,NULL,1,0,0),
  (3792,9,1,404,NULL,2,1,0),
  (3793,2,1,404,NULL,2,1,0),
  (3794,29,1,404,NULL,2,1,0),
  (3795,1,1,404,NULL,2,1,0),
  (3796,3,1,404,NULL,2,1,0),
  (3797,2,1,404,2,NULL,1,0),
  (3798,29,1,404,2,NULL,1,0),
  (3799,1,1,404,2,NULL,1,0),
  (3800,9,1,404,2,NULL,0,0),
  (3801,3,1,404,2,NULL,1,0),
  (3802,29,1,405,NULL,1,0,0),
  (3803,1,1,405,NULL,1,0,0),
  (3804,3,1,405,NULL,1,1,0),
  (3805,9,1,405,NULL,1,0,0),
  (3806,2,1,405,NULL,1,0,0),
  (3807,9,1,405,NULL,2,1,0),
  (3808,2,1,405,NULL,2,1,0),
  (3809,29,1,405,NULL,2,1,0),
  (3810,1,1,405,NULL,2,1,0),
  (3811,3,1,405,NULL,2,1,0),
  (3812,2,1,405,2,NULL,1,0),
  (3813,29,1,405,2,NULL,1,0),
  (3814,1,1,405,2,NULL,1,0),
  (3815,9,1,405,2,NULL,0,0),
  (3816,3,1,405,2,NULL,1,0),
  (3817,29,1,406,NULL,1,0,0),
  (3818,1,1,406,NULL,1,0,0),
  (3819,3,1,406,NULL,1,1,0),
  (3820,9,1,406,NULL,1,0,0),
  (3821,2,1,406,NULL,1,0,0),
  (3822,9,1,406,NULL,2,1,0),
  (3823,2,1,406,NULL,2,1,0),
  (3824,29,1,406,NULL,2,1,0),
  (3825,1,1,406,NULL,2,1,0),
  (3826,3,1,406,NULL,2,1,0),
  (3827,2,1,406,2,NULL,1,0),
  (3828,29,1,406,2,NULL,1,0),
  (3829,1,1,406,2,NULL,1,0),
  (3830,9,1,406,2,NULL,0,0),
  (3831,3,1,406,2,NULL,1,0),
  (3832,29,1,407,NULL,1,0,0),
  (3833,1,1,407,NULL,1,0,0),
  (3834,3,1,407,NULL,1,1,0),
  (3835,9,1,407,NULL,1,0,0),
  (3836,2,1,407,NULL,1,0,0),
  (3837,9,1,407,NULL,2,1,0),
  (3838,2,1,407,NULL,2,1,0),
  (3839,29,1,407,NULL,2,1,0),
  (3840,1,1,407,NULL,2,1,0),
  (3841,3,1,407,NULL,2,1,0),
  (3842,2,1,407,2,NULL,1,0),
  (3843,29,1,407,2,NULL,1,0),
  (3844,1,1,407,2,NULL,1,0),
  (3845,9,1,407,2,NULL,0,0),
  (3846,3,1,407,2,NULL,1,0),
  (3847,29,1,408,NULL,1,0,0),
  (3848,1,1,408,NULL,1,0,0),
  (3849,3,1,408,NULL,1,1,0),
  (3850,9,1,408,NULL,1,0,0),
  (3851,2,1,408,NULL,1,0,0),
  (3852,9,1,408,NULL,2,1,0),
  (3853,2,1,408,NULL,2,1,0),
  (3854,29,1,408,NULL,2,1,0),
  (3855,1,1,408,NULL,2,1,0),
  (3856,3,1,408,NULL,2,1,0),
  (3857,2,1,408,2,NULL,1,0),
  (3858,29,1,408,2,NULL,1,0),
  (3859,1,1,408,2,NULL,1,0),
  (3860,9,1,408,2,NULL,0,0),
  (3861,3,1,408,2,NULL,1,0),
  (3862,29,1,409,NULL,1,0,0),
  (3863,1,1,409,NULL,1,0,0),
  (3864,3,1,409,NULL,1,1,0),
  (3865,9,1,409,NULL,1,0,0),
  (3866,2,1,409,NULL,1,0,0),
  (3867,9,1,409,NULL,2,1,0),
  (3868,2,1,409,NULL,2,1,0),
  (3869,29,1,409,NULL,2,1,0),
  (3870,1,1,409,NULL,2,1,0),
  (3871,3,1,409,NULL,2,1,0),
  (3872,2,1,409,2,NULL,1,0),
  (3873,29,1,409,2,NULL,1,0),
  (3874,1,1,409,2,NULL,1,0),
  (3875,9,1,409,2,NULL,0,0),
  (3876,3,1,409,2,NULL,1,0),
  (3877,29,1,410,NULL,1,0,0),
  (3878,1,1,410,NULL,1,0,0),
  (3879,3,1,410,NULL,1,1,0),
  (3880,9,1,410,NULL,1,0,0),
  (3881,2,1,410,NULL,1,0,0),
  (3882,9,1,410,NULL,2,1,0),
  (3883,2,1,410,NULL,2,1,0),
  (3884,29,1,410,NULL,2,1,0),
  (3885,1,1,410,NULL,2,1,0),
  (3886,3,1,410,NULL,2,1,0),
  (3887,2,1,410,2,NULL,1,0),
  (3888,29,1,410,2,NULL,1,0),
  (3889,1,1,410,2,NULL,1,0),
  (3890,9,1,410,2,NULL,0,0),
  (3891,3,1,410,2,NULL,1,0),
  (3892,29,1,411,NULL,1,0,0),
  (3893,1,1,411,NULL,1,0,0),
  (3894,3,1,411,NULL,1,1,0),
  (3895,9,1,411,NULL,1,0,0),
  (3896,2,1,411,NULL,1,0,0),
  (3897,9,1,411,NULL,2,1,0),
  (3898,2,1,411,NULL,2,1,0),
  (3899,29,1,411,NULL,2,1,0),
  (3900,1,1,411,NULL,2,1,0),
  (3901,3,1,411,NULL,2,1,0),
  (3902,2,1,411,2,NULL,1,0),
  (3903,29,1,411,2,NULL,1,0),
  (3904,1,1,411,2,NULL,1,0),
  (3905,9,1,411,2,NULL,0,0),
  (3906,3,1,411,2,NULL,1,0),
  (3907,29,1,412,NULL,1,0,0),
  (3908,1,1,412,NULL,1,0,0),
  (3909,3,1,412,NULL,1,1,0),
  (3910,9,1,412,NULL,1,0,0),
  (3911,2,1,412,NULL,1,0,0),
  (3912,9,1,412,NULL,2,1,0),
  (3913,2,1,412,NULL,2,1,0),
  (3914,29,1,412,NULL,2,1,0),
  (3915,1,1,412,NULL,2,1,0),
  (3916,3,1,412,NULL,2,1,0),
  (3917,2,1,412,2,NULL,1,0),
  (3918,29,1,412,2,NULL,1,0),
  (3919,1,1,412,2,NULL,1,0),
  (3920,9,1,412,2,NULL,0,0),
  (3921,3,1,412,2,NULL,1,0),
  (3922,29,1,413,NULL,1,0,0),
  (3923,1,1,413,NULL,1,0,0),
  (3924,3,1,413,NULL,1,1,0),
  (3925,9,1,413,NULL,1,0,0),
  (3926,2,1,413,NULL,1,0,0),
  (3927,9,1,413,NULL,2,1,0),
  (3928,2,1,413,NULL,2,1,0),
  (3929,29,1,413,NULL,2,1,0),
  (3930,1,1,413,NULL,2,1,0),
  (3931,3,1,413,NULL,2,1,0),
  (3932,2,1,413,2,NULL,1,0),
  (3933,29,1,413,2,NULL,1,0),
  (3934,1,1,413,2,NULL,1,0),
  (3935,9,1,413,2,NULL,0,0),
  (3936,3,1,413,2,NULL,1,0),
  (3937,29,1,414,NULL,1,0,0),
  (3938,1,1,414,NULL,1,0,0),
  (3939,3,1,414,NULL,1,1,0),
  (3940,9,1,414,NULL,1,0,0),
  (3941,2,1,414,NULL,1,0,0),
  (3942,9,1,414,NULL,2,1,0),
  (3943,2,1,414,NULL,2,1,0),
  (3944,29,1,414,NULL,2,1,0),
  (3945,1,1,414,NULL,2,1,0),
  (3946,3,1,414,NULL,2,1,0),
  (3947,2,1,414,2,NULL,1,0),
  (3948,29,1,414,2,NULL,1,0),
  (3949,1,1,414,2,NULL,1,0),
  (3950,9,1,414,2,NULL,0,0),
  (3951,3,1,414,2,NULL,1,0),
  (3952,29,1,415,NULL,1,0,0),
  (3953,1,1,415,NULL,1,0,0),
  (3954,3,1,415,NULL,1,1,0),
  (3955,9,1,415,NULL,1,0,0),
  (3956,2,1,415,NULL,1,0,0),
  (3957,9,1,415,NULL,2,1,0),
  (3958,2,1,415,NULL,2,1,0),
  (3959,29,1,415,NULL,2,1,0),
  (3960,1,1,415,NULL,2,1,0),
  (3961,3,1,415,NULL,2,1,0),
  (3962,2,1,415,2,NULL,1,0),
  (3963,29,1,415,2,NULL,1,0),
  (3964,1,1,415,2,NULL,1,0),
  (3965,9,1,415,2,NULL,0,0),
  (3966,3,1,415,2,NULL,1,0),
  (3967,29,1,416,NULL,1,0,0),
  (3968,1,1,416,NULL,1,0,0),
  (3969,3,1,416,NULL,1,1,0),
  (3970,9,1,416,NULL,1,0,0),
  (3971,2,1,416,NULL,1,0,0),
  (3972,9,1,416,NULL,2,1,0),
  (3973,2,1,416,NULL,2,1,0),
  (3974,29,1,416,NULL,2,1,0),
  (3975,1,1,416,NULL,2,1,0),
  (3976,3,1,416,NULL,2,1,0),
  (3977,2,1,416,2,NULL,1,0),
  (3978,29,1,416,2,NULL,1,0),
  (3979,1,1,416,2,NULL,1,0),
  (3980,9,1,416,2,NULL,0,0),
  (3981,3,1,416,2,NULL,1,0),
  (3982,29,1,417,NULL,1,0,0),
  (3983,1,1,417,NULL,1,0,0),
  (3984,3,1,417,NULL,1,1,0),
  (3985,9,1,417,NULL,1,0,0),
  (3986,2,1,417,NULL,1,0,0),
  (3987,9,1,417,NULL,2,1,0),
  (3988,2,1,417,NULL,2,1,0),
  (3989,29,1,417,NULL,2,1,0),
  (3990,1,1,417,NULL,2,1,0),
  (3991,3,1,417,NULL,2,1,0),
  (3992,2,1,417,2,NULL,1,0),
  (3993,29,1,417,2,NULL,1,0),
  (3994,1,1,417,2,NULL,1,0),
  (3995,9,1,417,2,NULL,0,0),
  (3996,3,1,417,2,NULL,1,0),
  (3997,29,1,418,NULL,1,0,0),
  (3998,1,1,418,NULL,1,0,0),
  (3999,3,1,418,NULL,1,1,0),
  (4000,9,1,418,NULL,1,0,0),
  (4001,2,1,418,NULL,1,0,0),
  (4002,9,1,418,NULL,2,1,0),
  (4003,2,1,418,NULL,2,1,0),
  (4004,29,1,418,NULL,2,1,0),
  (4005,1,1,418,NULL,2,1,0),
  (4006,3,1,418,NULL,2,1,0),
  (4007,2,1,418,2,NULL,1,0),
  (4008,29,1,418,2,NULL,1,0),
  (4009,1,1,418,2,NULL,1,0),
  (4010,9,1,418,2,NULL,0,0),
  (4011,3,1,418,2,NULL,1,0),
  (4012,29,1,419,NULL,1,0,0),
  (4013,1,1,419,NULL,1,0,0),
  (4014,3,1,419,NULL,1,1,0),
  (4015,9,1,419,NULL,1,0,0),
  (4016,2,1,419,NULL,1,0,0),
  (4017,9,1,419,NULL,2,1,0),
  (4018,2,1,419,NULL,2,1,0),
  (4019,29,1,419,NULL,2,1,0),
  (4020,1,1,419,NULL,2,1,0),
  (4021,3,1,419,NULL,2,1,0),
  (4022,2,1,419,2,NULL,1,0),
  (4023,29,1,419,2,NULL,1,0),
  (4024,1,1,419,2,NULL,1,0),
  (4025,9,1,419,2,NULL,0,0),
  (4026,3,1,419,2,NULL,1,0),
  (4027,29,1,420,NULL,1,0,0),
  (4028,1,1,420,NULL,1,0,0),
  (4029,3,1,420,NULL,1,1,0),
  (4030,9,1,420,NULL,1,0,0),
  (4031,2,1,420,NULL,1,0,0),
  (4032,9,1,420,NULL,2,1,0),
  (4033,2,1,420,NULL,2,1,0),
  (4034,29,1,420,NULL,2,1,0),
  (4035,1,1,420,NULL,2,1,0),
  (4036,3,1,420,NULL,2,1,0),
  (4037,2,1,420,2,NULL,1,0),
  (4038,29,1,420,2,NULL,1,0),
  (4039,1,1,420,2,NULL,1,0),
  (4040,9,1,420,2,NULL,0,0),
  (4041,3,1,420,2,NULL,1,0),
  (4042,29,1,421,NULL,1,0,0),
  (4043,1,1,421,NULL,1,0,0),
  (4044,3,1,421,NULL,1,1,0),
  (4045,9,1,421,NULL,1,0,0),
  (4046,2,1,421,NULL,1,0,0),
  (4047,9,1,421,NULL,2,1,0),
  (4048,2,1,421,NULL,2,1,0),
  (4049,29,1,421,NULL,2,1,0),
  (4050,1,1,421,NULL,2,1,0),
  (4051,3,1,421,NULL,2,1,0),
  (4052,2,1,421,2,NULL,1,0),
  (4053,29,1,421,2,NULL,1,0),
  (4054,1,1,421,2,NULL,1,0),
  (4055,9,1,421,2,NULL,0,0),
  (4056,3,1,421,2,NULL,1,0);

COMMIT;

#
# Data for the `sys_access` table  (LIMIT 2500,500)
#

INSERT INTO `sys_access` (`id`, `action_id`, `class_section_id`, `obj_id`, `uid`, `gid`, `allow`, `deny`) VALUES 
  (4057,29,1,422,NULL,1,0,0),
  (4058,1,1,422,NULL,1,0,0),
  (4059,3,1,422,NULL,1,1,0),
  (4060,9,1,422,NULL,1,0,0),
  (4061,2,1,422,NULL,1,0,0),
  (4062,9,1,422,NULL,2,1,0),
  (4063,2,1,422,NULL,2,1,0),
  (4064,29,1,422,NULL,2,1,0),
  (4065,1,1,422,NULL,2,1,0),
  (4066,3,1,422,NULL,2,1,0),
  (4067,2,1,422,2,NULL,1,0),
  (4068,29,1,422,2,NULL,1,0),
  (4069,1,1,422,2,NULL,1,0),
  (4070,9,1,422,2,NULL,0,0),
  (4071,3,1,422,2,NULL,1,0),
  (4072,29,1,423,NULL,1,0,0),
  (4073,1,1,423,NULL,1,0,0),
  (4074,3,1,423,NULL,1,1,0),
  (4075,9,1,423,NULL,1,0,0),
  (4076,2,1,423,NULL,1,0,0),
  (4077,9,1,423,NULL,2,1,0),
  (4078,2,1,423,NULL,2,1,0),
  (4079,29,1,423,NULL,2,1,0),
  (4080,1,1,423,NULL,2,1,0),
  (4081,3,1,423,NULL,2,1,0),
  (4082,2,1,423,2,NULL,1,0),
  (4083,29,1,423,2,NULL,1,0),
  (4084,1,1,423,2,NULL,1,0),
  (4085,9,1,423,2,NULL,0,0),
  (4086,3,1,423,2,NULL,1,0),
  (4087,29,1,424,NULL,1,0,0),
  (4088,1,1,424,NULL,1,0,0),
  (4089,3,1,424,NULL,1,1,0),
  (4090,9,1,424,NULL,1,0,0),
  (4091,2,1,424,NULL,1,0,0),
  (4092,9,1,424,NULL,2,1,0),
  (4093,2,1,424,NULL,2,1,0),
  (4094,29,1,424,NULL,2,1,0),
  (4095,1,1,424,NULL,2,1,0),
  (4096,3,1,424,NULL,2,1,0),
  (4097,2,1,424,2,NULL,1,0),
  (4098,29,1,424,2,NULL,1,0),
  (4099,1,1,424,2,NULL,1,0),
  (4100,9,1,424,2,NULL,0,0),
  (4101,3,1,424,2,NULL,1,0),
  (4102,29,1,425,NULL,1,0,0),
  (4103,1,1,425,NULL,1,0,0),
  (4104,3,1,425,NULL,1,1,0),
  (4105,9,1,425,NULL,1,0,0),
  (4106,2,1,425,NULL,1,0,0),
  (4107,9,1,425,NULL,2,1,0),
  (4108,2,1,425,NULL,2,1,0),
  (4109,29,1,425,NULL,2,1,0),
  (4110,1,1,425,NULL,2,1,0),
  (4111,3,1,425,NULL,2,1,0),
  (4112,2,1,425,2,NULL,1,0),
  (4113,29,1,425,2,NULL,1,0),
  (4114,1,1,425,2,NULL,1,0),
  (4115,9,1,425,2,NULL,0,0),
  (4116,3,1,425,2,NULL,1,0),
  (4117,29,1,426,NULL,1,0,0),
  (4118,1,1,426,NULL,1,0,0),
  (4119,3,1,426,NULL,1,1,0),
  (4120,9,1,426,NULL,1,0,0),
  (4121,2,1,426,NULL,1,0,0),
  (4122,9,1,426,NULL,2,1,0),
  (4123,2,1,426,NULL,2,1,0),
  (4124,29,1,426,NULL,2,1,0),
  (4125,1,1,426,NULL,2,1,0),
  (4126,3,1,426,NULL,2,1,0),
  (4127,2,1,426,2,NULL,1,0),
  (4128,29,1,426,2,NULL,1,0),
  (4129,1,1,426,2,NULL,1,0),
  (4130,9,1,426,2,NULL,0,0),
  (4131,3,1,426,2,NULL,1,0),
  (4132,29,1,427,NULL,1,0,0),
  (4133,1,1,427,NULL,1,0,0),
  (4134,3,1,427,NULL,1,1,0),
  (4135,9,1,427,NULL,1,0,0),
  (4136,2,1,427,NULL,1,0,0),
  (4137,9,1,427,NULL,2,1,0),
  (4138,2,1,427,NULL,2,1,0),
  (4139,29,1,427,NULL,2,1,0),
  (4140,1,1,427,NULL,2,1,0),
  (4141,3,1,427,NULL,2,1,0),
  (4142,2,1,427,2,NULL,1,0),
  (4143,29,1,427,2,NULL,1,0),
  (4144,1,1,427,2,NULL,1,0),
  (4145,9,1,427,2,NULL,0,0),
  (4146,3,1,427,2,NULL,1,0),
  (4147,29,1,428,NULL,1,0,0),
  (4148,1,1,428,NULL,1,0,0),
  (4149,3,1,428,NULL,1,1,0),
  (4150,9,1,428,NULL,1,0,0),
  (4151,2,1,428,NULL,1,0,0),
  (4152,9,1,428,NULL,2,1,0),
  (4153,2,1,428,NULL,2,1,0),
  (4154,29,1,428,NULL,2,1,0),
  (4155,1,1,428,NULL,2,1,0),
  (4156,3,1,428,NULL,2,1,0),
  (4157,2,1,428,2,NULL,1,0),
  (4158,29,1,428,2,NULL,1,0),
  (4159,1,1,428,2,NULL,1,0),
  (4160,9,1,428,2,NULL,0,0),
  (4161,3,1,428,2,NULL,1,0),
  (4162,29,1,429,NULL,1,0,0),
  (4163,1,1,429,NULL,1,0,0),
  (4164,3,1,429,NULL,1,1,0),
  (4165,9,1,429,NULL,1,0,0),
  (4166,2,1,429,NULL,1,0,0),
  (4167,9,1,429,NULL,2,1,0),
  (4168,2,1,429,NULL,2,1,0),
  (4169,29,1,429,NULL,2,1,0),
  (4170,1,1,429,NULL,2,1,0),
  (4171,3,1,429,NULL,2,1,0),
  (4172,2,1,429,2,NULL,1,0),
  (4173,29,1,429,2,NULL,1,0),
  (4174,1,1,429,2,NULL,1,0),
  (4175,9,1,429,2,NULL,0,0),
  (4176,3,1,429,2,NULL,1,0),
  (4177,29,1,430,NULL,1,0,0),
  (4178,1,1,430,NULL,1,0,0),
  (4179,3,1,430,NULL,1,1,0),
  (4180,9,1,430,NULL,1,0,0),
  (4181,2,1,430,NULL,1,0,0),
  (4182,9,1,430,NULL,2,1,0),
  (4183,2,1,430,NULL,2,1,0),
  (4184,29,1,430,NULL,2,1,0),
  (4185,1,1,430,NULL,2,1,0),
  (4186,3,1,430,NULL,2,1,0),
  (4187,2,1,430,2,NULL,1,0),
  (4188,29,1,430,2,NULL,1,0),
  (4189,1,1,430,2,NULL,1,0),
  (4190,9,1,430,2,NULL,0,0),
  (4191,3,1,430,2,NULL,1,0),
  (4192,29,1,431,NULL,1,0,0),
  (4193,1,1,431,NULL,1,0,0),
  (4194,3,1,431,NULL,1,1,0),
  (4195,9,1,431,NULL,1,0,0),
  (4196,2,1,431,NULL,1,0,0),
  (4197,9,1,431,NULL,2,1,0),
  (4198,2,1,431,NULL,2,1,0),
  (4199,29,1,431,NULL,2,1,0),
  (4200,1,1,431,NULL,2,1,0),
  (4201,3,1,431,NULL,2,1,0),
  (4202,2,1,431,2,NULL,1,0),
  (4203,29,1,431,2,NULL,1,0),
  (4204,1,1,431,2,NULL,1,0),
  (4205,9,1,431,2,NULL,0,0),
  (4206,3,1,431,2,NULL,1,0),
  (4207,29,1,432,NULL,1,0,0),
  (4208,1,1,432,NULL,1,0,0),
  (4209,3,1,432,NULL,1,1,0),
  (4210,9,1,432,NULL,1,0,0),
  (4211,2,1,432,NULL,1,0,0),
  (4212,9,1,432,NULL,2,1,0),
  (4213,2,1,432,NULL,2,1,0),
  (4214,29,1,432,NULL,2,1,0),
  (4215,1,1,432,NULL,2,1,0),
  (4216,3,1,432,NULL,2,1,0),
  (4217,2,1,432,2,NULL,1,0),
  (4218,29,1,432,2,NULL,1,0),
  (4219,1,1,432,2,NULL,1,0),
  (4220,9,1,432,2,NULL,0,0),
  (4221,3,1,432,2,NULL,1,0),
  (4222,29,1,433,NULL,1,0,0),
  (4223,1,1,433,NULL,1,0,0),
  (4224,3,1,433,NULL,1,1,0),
  (4225,9,1,433,NULL,1,0,0),
  (4226,2,1,433,NULL,1,0,0),
  (4227,9,1,433,NULL,2,1,0),
  (4228,2,1,433,NULL,2,1,0),
  (4229,29,1,433,NULL,2,1,0),
  (4230,1,1,433,NULL,2,1,0),
  (4231,3,1,433,NULL,2,1,0),
  (4232,2,1,433,2,NULL,1,0),
  (4233,29,1,433,2,NULL,1,0),
  (4234,1,1,433,2,NULL,1,0),
  (4235,9,1,433,2,NULL,0,0),
  (4236,3,1,433,2,NULL,1,0),
  (4237,29,1,434,NULL,1,0,0),
  (4238,1,1,434,NULL,1,0,0),
  (4239,3,1,434,NULL,1,1,0),
  (4240,9,1,434,NULL,1,0,0),
  (4241,2,1,434,NULL,1,0,0),
  (4242,9,1,434,NULL,2,1,0),
  (4243,2,1,434,NULL,2,1,0),
  (4244,29,1,434,NULL,2,1,0),
  (4245,1,1,434,NULL,2,1,0),
  (4246,3,1,434,NULL,2,1,0),
  (4247,2,1,434,2,NULL,1,0),
  (4248,29,1,434,2,NULL,1,0),
  (4249,1,1,434,2,NULL,1,0),
  (4250,9,1,434,2,NULL,0,0),
  (4251,3,1,434,2,NULL,1,0),
  (4252,29,1,435,NULL,1,0,0),
  (4253,1,1,435,NULL,1,0,0),
  (4254,3,1,435,NULL,1,1,0),
  (4255,9,1,435,NULL,1,0,0),
  (4256,2,1,435,NULL,1,0,0),
  (4257,9,1,435,NULL,2,1,0),
  (4258,2,1,435,NULL,2,1,0),
  (4259,29,1,435,NULL,2,1,0),
  (4260,1,1,435,NULL,2,1,0),
  (4261,3,1,435,NULL,2,1,0),
  (4262,2,1,435,2,NULL,1,0),
  (4263,29,1,435,2,NULL,1,0),
  (4264,1,1,435,2,NULL,1,0),
  (4265,9,1,435,2,NULL,0,0),
  (4266,3,1,435,2,NULL,1,0),
  (4267,29,1,436,NULL,1,0,0),
  (4268,1,1,436,NULL,1,0,0),
  (4269,3,1,436,NULL,1,1,0),
  (4270,9,1,436,NULL,1,0,0),
  (4271,2,1,436,NULL,1,0,0),
  (4272,9,1,436,NULL,2,1,0),
  (4273,2,1,436,NULL,2,1,0),
  (4274,29,1,436,NULL,2,1,0),
  (4275,1,1,436,NULL,2,1,0),
  (4276,3,1,436,NULL,2,1,0),
  (4277,2,1,436,2,NULL,1,0),
  (4278,29,1,436,2,NULL,1,0),
  (4279,1,1,436,2,NULL,1,0),
  (4280,9,1,436,2,NULL,0,0),
  (4281,3,1,436,2,NULL,1,0),
  (4282,29,1,437,NULL,1,0,0),
  (4283,1,1,437,NULL,1,0,0),
  (4284,3,1,437,NULL,1,1,0),
  (4285,9,1,437,NULL,1,0,0),
  (4286,2,1,437,NULL,1,0,0),
  (4287,9,1,437,NULL,2,1,0),
  (4288,2,1,437,NULL,2,1,0),
  (4289,29,1,437,NULL,2,1,0),
  (4290,1,1,437,NULL,2,1,0),
  (4291,3,1,437,NULL,2,1,0),
  (4292,2,1,437,2,NULL,1,0),
  (4293,29,1,437,2,NULL,1,0),
  (4294,1,1,437,2,NULL,1,0),
  (4295,9,1,437,2,NULL,0,0),
  (4296,3,1,437,2,NULL,1,0),
  (4297,29,1,438,NULL,1,0,0),
  (4298,1,1,438,NULL,1,0,0),
  (4299,3,1,438,NULL,1,1,0),
  (4300,9,1,438,NULL,1,0,0),
  (4301,2,1,438,NULL,1,0,0),
  (4302,9,1,438,NULL,2,1,0),
  (4303,2,1,438,NULL,2,1,0),
  (4304,29,1,438,NULL,2,1,0),
  (4305,1,1,438,NULL,2,1,0),
  (4306,3,1,438,NULL,2,1,0),
  (4307,2,1,438,2,NULL,1,0),
  (4308,29,1,438,2,NULL,1,0),
  (4309,1,1,438,2,NULL,1,0),
  (4310,9,1,438,2,NULL,0,0),
  (4311,3,1,438,2,NULL,1,0),
  (4312,29,1,439,NULL,1,0,0),
  (4313,1,1,439,NULL,1,0,0),
  (4314,3,1,439,NULL,1,1,0),
  (4315,9,1,439,NULL,1,0,0),
  (4316,2,1,439,NULL,1,0,0),
  (4317,9,1,439,NULL,2,1,0),
  (4318,2,1,439,NULL,2,1,0),
  (4319,29,1,439,NULL,2,1,0),
  (4320,1,1,439,NULL,2,1,0),
  (4321,3,1,439,NULL,2,1,0),
  (4322,2,1,439,2,NULL,1,0),
  (4323,29,1,439,2,NULL,1,0),
  (4324,1,1,439,2,NULL,1,0),
  (4325,9,1,439,2,NULL,0,0),
  (4326,3,1,439,2,NULL,1,0),
  (4327,29,1,440,NULL,1,0,0),
  (4328,1,1,440,NULL,1,0,0),
  (4329,3,1,440,NULL,1,1,0),
  (4330,9,1,440,NULL,1,0,0),
  (4331,2,1,440,NULL,1,0,0),
  (4332,9,1,440,NULL,2,1,0),
  (4333,2,1,440,NULL,2,1,0),
  (4334,29,1,440,NULL,2,1,0),
  (4335,1,1,440,NULL,2,1,0),
  (4336,3,1,440,NULL,2,1,0),
  (4337,2,1,440,2,NULL,1,0),
  (4338,29,1,440,2,NULL,1,0),
  (4339,1,1,440,2,NULL,1,0),
  (4340,9,1,440,2,NULL,0,0),
  (4341,3,1,440,2,NULL,1,0),
  (4342,29,1,441,NULL,1,0,0),
  (4343,1,1,441,NULL,1,0,0),
  (4344,3,1,441,NULL,1,1,0),
  (4345,9,1,441,NULL,1,0,0),
  (4346,2,1,441,NULL,1,0,0),
  (4347,9,1,441,NULL,2,1,0),
  (4348,2,1,441,NULL,2,1,0),
  (4349,29,1,441,NULL,2,1,0),
  (4350,1,1,441,NULL,2,1,0),
  (4351,3,1,441,NULL,2,1,0),
  (4352,2,1,441,2,NULL,1,0),
  (4353,29,1,441,2,NULL,1,0),
  (4354,1,1,441,2,NULL,1,0),
  (4355,9,1,441,2,NULL,0,0),
  (4356,3,1,441,2,NULL,1,0),
  (4357,29,1,442,NULL,1,0,0),
  (4358,1,1,442,NULL,1,0,0),
  (4359,3,1,442,NULL,1,1,0),
  (4360,9,1,442,NULL,1,0,0),
  (4361,2,1,442,NULL,1,0,0),
  (4362,9,1,442,NULL,2,1,0),
  (4363,2,1,442,NULL,2,1,0),
  (4364,29,1,442,NULL,2,1,0),
  (4365,1,1,442,NULL,2,1,0),
  (4366,3,1,442,NULL,2,1,0),
  (4367,2,1,442,2,NULL,1,0),
  (4368,29,1,442,2,NULL,1,0),
  (4369,1,1,442,2,NULL,1,0),
  (4370,9,1,442,2,NULL,0,0),
  (4371,3,1,442,2,NULL,1,0),
  (4372,29,1,443,NULL,1,0,0),
  (4373,1,1,443,NULL,1,0,0),
  (4374,3,1,443,NULL,1,1,0),
  (4375,9,1,443,NULL,1,0,0),
  (4376,2,1,443,NULL,1,0,0),
  (4377,9,1,443,NULL,2,1,0),
  (4378,2,1,443,NULL,2,1,0),
  (4379,29,1,443,NULL,2,1,0),
  (4380,1,1,443,NULL,2,1,0),
  (4381,3,1,443,NULL,2,1,0),
  (4382,2,1,443,2,NULL,1,0),
  (4383,29,1,443,2,NULL,1,0),
  (4384,1,1,443,2,NULL,1,0),
  (4385,9,1,443,2,NULL,0,0),
  (4386,3,1,443,2,NULL,1,0),
  (4387,29,1,444,NULL,1,0,0),
  (4388,1,1,444,NULL,1,0,0),
  (4389,3,1,444,NULL,1,1,0),
  (4390,9,1,444,NULL,1,0,0),
  (4391,2,1,444,NULL,1,0,0),
  (4392,9,1,444,NULL,2,1,0),
  (4393,2,1,444,NULL,2,1,0),
  (4394,29,1,444,NULL,2,1,0),
  (4395,1,1,444,NULL,2,1,0),
  (4396,3,1,444,NULL,2,1,0),
  (4397,2,1,444,2,NULL,1,0),
  (4398,29,1,444,2,NULL,1,0),
  (4399,1,1,444,2,NULL,1,0),
  (4400,9,1,444,2,NULL,0,0),
  (4401,3,1,444,2,NULL,1,0),
  (4402,29,1,445,NULL,1,0,0),
  (4403,1,1,445,NULL,1,0,0),
  (4404,3,1,445,NULL,1,1,0),
  (4405,9,1,445,NULL,1,0,0),
  (4406,2,1,445,NULL,1,0,0),
  (4407,9,1,445,NULL,2,1,0),
  (4408,2,1,445,NULL,2,1,0),
  (4409,29,1,445,NULL,2,1,0),
  (4410,1,1,445,NULL,2,1,0),
  (4411,3,1,445,NULL,2,1,0),
  (4412,2,1,445,2,NULL,1,0),
  (4413,29,1,445,2,NULL,1,0),
  (4414,1,1,445,2,NULL,1,0),
  (4415,9,1,445,2,NULL,0,0),
  (4416,3,1,445,2,NULL,1,0),
  (4417,29,1,446,NULL,1,0,0),
  (4418,1,1,446,NULL,1,0,0),
  (4419,3,1,446,NULL,1,1,0),
  (4420,9,1,446,NULL,1,0,0),
  (4421,2,1,446,NULL,1,0,0),
  (4422,9,1,446,NULL,2,1,0),
  (4423,2,1,446,NULL,2,1,0),
  (4424,29,1,446,NULL,2,1,0),
  (4425,1,1,446,NULL,2,1,0),
  (4426,3,1,446,NULL,2,1,0),
  (4427,2,1,446,2,NULL,1,0),
  (4428,29,1,446,2,NULL,1,0),
  (4429,1,1,446,2,NULL,1,0),
  (4430,9,1,446,2,NULL,0,0),
  (4431,3,1,446,2,NULL,1,0),
  (4432,29,1,447,NULL,1,0,0),
  (4433,1,1,447,NULL,1,0,0),
  (4434,3,1,447,NULL,1,1,0),
  (4435,9,1,447,NULL,1,0,0),
  (4436,2,1,447,NULL,1,0,0),
  (4437,9,1,447,NULL,2,1,0),
  (4438,2,1,447,NULL,2,1,0),
  (4439,29,1,447,NULL,2,1,0),
  (4440,1,1,447,NULL,2,1,0),
  (4441,3,1,447,NULL,2,1,0),
  (4442,2,1,447,2,NULL,1,0),
  (4443,29,1,447,2,NULL,1,0),
  (4444,1,1,447,2,NULL,1,0),
  (4445,9,1,447,2,NULL,0,0),
  (4446,3,1,447,2,NULL,1,0),
  (4447,29,1,448,NULL,1,0,0),
  (4448,1,1,448,NULL,1,0,0),
  (4449,3,1,448,NULL,1,1,0),
  (4450,9,1,448,NULL,1,0,0),
  (4451,2,1,448,NULL,1,0,0),
  (4452,9,1,448,NULL,2,1,0),
  (4453,2,1,448,NULL,2,1,0),
  (4454,29,1,448,NULL,2,1,0),
  (4455,1,1,448,NULL,2,1,0),
  (4456,3,1,448,NULL,2,1,0),
  (4457,2,1,448,2,NULL,1,0),
  (4458,29,1,448,2,NULL,1,0),
  (4459,1,1,448,2,NULL,1,0),
  (4460,9,1,448,2,NULL,0,0),
  (4461,3,1,448,2,NULL,1,0),
  (4462,29,1,449,NULL,1,0,0),
  (4463,1,1,449,NULL,1,0,0),
  (4464,3,1,449,NULL,1,1,0),
  (4465,9,1,449,NULL,1,0,0),
  (4466,2,1,449,NULL,1,0,0),
  (4467,9,1,449,NULL,2,1,0),
  (4468,2,1,449,NULL,2,1,0),
  (4469,29,1,449,NULL,2,1,0),
  (4470,1,1,449,NULL,2,1,0),
  (4471,3,1,449,NULL,2,1,0),
  (4472,2,1,449,2,NULL,1,0),
  (4473,29,1,449,2,NULL,1,0),
  (4474,1,1,449,2,NULL,1,0),
  (4475,9,1,449,2,NULL,0,0),
  (4476,3,1,449,2,NULL,1,0),
  (4477,29,1,450,NULL,1,0,0),
  (4478,1,1,450,NULL,1,0,0),
  (4479,3,1,450,NULL,1,1,0),
  (4480,9,1,450,NULL,1,0,0),
  (4481,2,1,450,NULL,1,0,0),
  (4482,9,1,450,NULL,2,1,0),
  (4483,2,1,450,NULL,2,1,0),
  (4484,29,1,450,NULL,2,1,0),
  (4485,1,1,450,NULL,2,1,0),
  (4486,3,1,450,NULL,2,1,0),
  (4487,2,1,450,2,NULL,1,0),
  (4488,29,1,450,2,NULL,1,0),
  (4489,1,1,450,2,NULL,1,0),
  (4490,9,1,450,2,NULL,0,0),
  (4491,3,1,450,2,NULL,1,0),
  (4492,29,1,451,NULL,1,0,0),
  (4493,1,1,451,NULL,1,0,0),
  (4494,3,1,451,NULL,1,1,0),
  (4495,9,1,451,NULL,1,0,0),
  (4496,2,1,451,NULL,1,0,0),
  (4497,9,1,451,NULL,2,1,0),
  (4498,2,1,451,NULL,2,1,0),
  (4499,29,1,451,NULL,2,1,0),
  (4500,1,1,451,NULL,2,1,0),
  (4501,3,1,451,NULL,2,1,0),
  (4502,2,1,451,2,NULL,1,0),
  (4503,29,1,451,2,NULL,1,0),
  (4504,1,1,451,2,NULL,1,0),
  (4505,9,1,451,2,NULL,0,0),
  (4506,3,1,451,2,NULL,1,0),
  (4507,29,1,452,NULL,1,0,0),
  (4508,1,1,452,NULL,1,0,0),
  (4509,3,1,452,NULL,1,1,0),
  (4510,9,1,452,NULL,1,0,0),
  (4511,2,1,452,NULL,1,0,0),
  (4512,9,1,452,NULL,2,1,0),
  (4513,2,1,452,NULL,2,1,0),
  (4514,29,1,452,NULL,2,1,0),
  (4515,1,1,452,NULL,2,1,0),
  (4516,3,1,452,NULL,2,1,0),
  (4517,2,1,452,2,NULL,1,0),
  (4518,29,1,452,2,NULL,1,0),
  (4519,1,1,452,2,NULL,1,0),
  (4520,9,1,452,2,NULL,0,0),
  (4521,3,1,452,2,NULL,1,0),
  (4522,29,1,453,NULL,1,0,0),
  (4523,1,1,453,NULL,1,0,0),
  (4524,3,1,453,NULL,1,1,0),
  (4525,9,1,453,NULL,1,0,0),
  (4526,2,1,453,NULL,1,0,0),
  (4527,9,1,453,NULL,2,1,0),
  (4528,2,1,453,NULL,2,1,0),
  (4529,29,1,453,NULL,2,1,0),
  (4530,1,1,453,NULL,2,1,0),
  (4531,3,1,453,NULL,2,1,0),
  (4532,2,1,453,2,NULL,1,0),
  (4533,29,1,453,2,NULL,1,0),
  (4534,1,1,453,2,NULL,1,0),
  (4535,9,1,453,2,NULL,0,0),
  (4536,3,1,453,2,NULL,1,0),
  (4537,29,1,454,NULL,1,0,0),
  (4538,1,1,454,NULL,1,0,0),
  (4539,3,1,454,NULL,1,1,0),
  (4540,9,1,454,NULL,1,0,0),
  (4541,2,1,454,NULL,1,0,0),
  (4542,9,1,454,NULL,2,1,0),
  (4543,2,1,454,NULL,2,1,0),
  (4544,29,1,454,NULL,2,1,0),
  (4545,1,1,454,NULL,2,1,0),
  (4546,3,1,454,NULL,2,1,0),
  (4547,2,1,454,2,NULL,1,0),
  (4548,29,1,454,2,NULL,1,0),
  (4549,1,1,454,2,NULL,1,0),
  (4550,9,1,454,2,NULL,0,0),
  (4551,3,1,454,2,NULL,1,0),
  (4552,29,1,455,NULL,1,0,0),
  (4553,1,1,455,NULL,1,0,0),
  (4554,3,1,455,NULL,1,1,0),
  (4555,9,1,455,NULL,1,0,0),
  (4556,2,1,455,NULL,1,0,0);

COMMIT;

#
# Data for the `sys_access` table  (LIMIT 3000,500)
#

INSERT INTO `sys_access` (`id`, `action_id`, `class_section_id`, `obj_id`, `uid`, `gid`, `allow`, `deny`) VALUES 
  (4557,9,1,455,NULL,2,1,0),
  (4558,2,1,455,NULL,2,1,0),
  (4559,29,1,455,NULL,2,1,0),
  (4560,1,1,455,NULL,2,1,0),
  (4561,3,1,455,NULL,2,1,0),
  (4562,2,1,455,2,NULL,1,0),
  (4563,29,1,455,2,NULL,1,0),
  (4564,1,1,455,2,NULL,1,0),
  (4565,9,1,455,2,NULL,0,0),
  (4566,3,1,455,2,NULL,1,0),
  (4567,29,1,456,NULL,1,0,0),
  (4568,1,1,456,NULL,1,0,0),
  (4569,3,1,456,NULL,1,1,0),
  (4570,9,1,456,NULL,1,0,0),
  (4571,2,1,456,NULL,1,0,0),
  (4572,9,1,456,NULL,2,1,0),
  (4573,2,1,456,NULL,2,1,0),
  (4574,29,1,456,NULL,2,1,0),
  (4575,1,1,456,NULL,2,1,0),
  (4576,3,1,456,NULL,2,1,0),
  (4577,2,1,456,2,NULL,1,0),
  (4578,29,1,456,2,NULL,1,0),
  (4579,1,1,456,2,NULL,1,0),
  (4580,9,1,456,2,NULL,0,0),
  (4581,3,1,456,2,NULL,1,0),
  (4582,29,1,457,NULL,1,0,0),
  (4583,1,1,457,NULL,1,0,0),
  (4584,3,1,457,NULL,1,1,0),
  (4585,9,1,457,NULL,1,0,0),
  (4586,2,1,457,NULL,1,0,0),
  (4587,9,1,457,NULL,2,1,0),
  (4588,2,1,457,NULL,2,1,0),
  (4589,29,1,457,NULL,2,1,0),
  (4590,1,1,457,NULL,2,1,0),
  (4591,3,1,457,NULL,2,1,0),
  (4592,2,1,457,2,NULL,1,0),
  (4593,29,1,457,2,NULL,1,0),
  (4594,1,1,457,2,NULL,1,0),
  (4595,9,1,457,2,NULL,0,0),
  (4596,3,1,457,2,NULL,1,0),
  (4597,29,1,458,NULL,1,0,0),
  (4598,1,1,458,NULL,1,0,0),
  (4599,3,1,458,NULL,1,1,0),
  (4600,9,1,458,NULL,1,0,0),
  (4601,2,1,458,NULL,1,0,0),
  (4602,9,1,458,NULL,2,1,0),
  (4603,2,1,458,NULL,2,1,0),
  (4604,29,1,458,NULL,2,1,0),
  (4605,1,1,458,NULL,2,1,0),
  (4606,3,1,458,NULL,2,1,0),
  (4607,2,1,458,2,NULL,1,0),
  (4608,29,1,458,2,NULL,1,0),
  (4609,1,1,458,2,NULL,1,0),
  (4610,9,1,458,2,NULL,0,0),
  (4611,3,1,458,2,NULL,1,0),
  (4612,29,1,459,NULL,1,0,0),
  (4613,1,1,459,NULL,1,0,0),
  (4614,3,1,459,NULL,1,1,0),
  (4615,9,1,459,NULL,1,0,0),
  (4616,2,1,459,NULL,1,0,0),
  (4617,9,1,459,NULL,2,1,0),
  (4618,2,1,459,NULL,2,1,0),
  (4619,29,1,459,NULL,2,1,0),
  (4620,1,1,459,NULL,2,1,0),
  (4621,3,1,459,NULL,2,1,0),
  (4622,2,1,459,2,NULL,1,0),
  (4623,29,1,459,2,NULL,1,0),
  (4624,1,1,459,2,NULL,1,0),
  (4625,9,1,459,2,NULL,0,0),
  (4626,3,1,459,2,NULL,1,0),
  (4627,29,1,460,NULL,1,0,0),
  (4628,1,1,460,NULL,1,0,0),
  (4629,3,1,460,NULL,1,1,0),
  (4630,9,1,460,NULL,1,0,0),
  (4631,2,1,460,NULL,1,0,0),
  (4632,9,1,460,NULL,2,1,0),
  (4633,2,1,460,NULL,2,1,0),
  (4634,29,1,460,NULL,2,1,0),
  (4635,1,1,460,NULL,2,1,0),
  (4636,3,1,460,NULL,2,1,0),
  (4637,2,1,460,2,NULL,1,0),
  (4638,29,1,460,2,NULL,1,0),
  (4639,1,1,460,2,NULL,1,0),
  (4640,9,1,460,2,NULL,0,0),
  (4641,3,1,460,2,NULL,1,0),
  (4642,29,1,461,NULL,1,0,0),
  (4643,1,1,461,NULL,1,0,0),
  (4644,3,1,461,NULL,1,1,0),
  (4645,9,1,461,NULL,1,0,0),
  (4646,2,1,461,NULL,1,0,0),
  (4647,9,1,461,NULL,2,1,0),
  (4648,2,1,461,NULL,2,1,0),
  (4649,29,1,461,NULL,2,1,0),
  (4650,1,1,461,NULL,2,1,0),
  (4651,3,1,461,NULL,2,1,0),
  (4652,2,1,461,2,NULL,1,0),
  (4653,29,1,461,2,NULL,1,0),
  (4654,1,1,461,2,NULL,1,0),
  (4655,9,1,461,2,NULL,0,0),
  (4656,3,1,461,2,NULL,1,0),
  (4657,29,1,462,NULL,1,0,0),
  (4658,1,1,462,NULL,1,0,0),
  (4659,3,1,462,NULL,1,1,0),
  (4660,9,1,462,NULL,1,0,0),
  (4661,2,1,462,NULL,1,0,0),
  (4662,9,1,462,NULL,2,1,0),
  (4663,2,1,462,NULL,2,1,0),
  (4664,29,1,462,NULL,2,1,0),
  (4665,1,1,462,NULL,2,1,0),
  (4666,3,1,462,NULL,2,1,0),
  (4667,2,1,462,2,NULL,1,0),
  (4668,29,1,462,2,NULL,1,0),
  (4669,1,1,462,2,NULL,1,0),
  (4670,9,1,462,2,NULL,0,0),
  (4671,3,1,462,2,NULL,1,0),
  (4672,29,1,463,NULL,1,0,0),
  (4673,1,1,463,NULL,1,0,0),
  (4674,3,1,463,NULL,1,1,0),
  (4675,9,1,463,NULL,1,0,0),
  (4676,2,1,463,NULL,1,0,0),
  (4677,9,1,463,NULL,2,1,0),
  (4678,2,1,463,NULL,2,1,0),
  (4679,29,1,463,NULL,2,1,0),
  (4680,1,1,463,NULL,2,1,0),
  (4681,3,1,463,NULL,2,1,0),
  (4682,2,1,463,2,NULL,1,0),
  (4683,29,1,463,2,NULL,1,0),
  (4684,1,1,463,2,NULL,1,0),
  (4685,9,1,463,2,NULL,0,0),
  (4686,3,1,463,2,NULL,1,0),
  (4687,29,1,464,NULL,1,0,0),
  (4688,1,1,464,NULL,1,0,0),
  (4689,3,1,464,NULL,1,1,0),
  (4690,9,1,464,NULL,1,0,0),
  (4691,2,1,464,NULL,1,0,0),
  (4692,9,1,464,NULL,2,1,0),
  (4693,2,1,464,NULL,2,1,0),
  (4694,29,1,464,NULL,2,1,0),
  (4695,1,1,464,NULL,2,1,0),
  (4696,3,1,464,NULL,2,1,0),
  (4697,2,1,464,2,NULL,1,0),
  (4698,29,1,464,2,NULL,1,0),
  (4699,1,1,464,2,NULL,1,0),
  (4700,9,1,464,2,NULL,0,0),
  (4701,3,1,464,2,NULL,1,0),
  (4702,29,1,465,NULL,1,0,0),
  (4703,1,1,465,NULL,1,0,0),
  (4704,3,1,465,NULL,1,1,0),
  (4705,9,1,465,NULL,1,0,0),
  (4706,2,1,465,NULL,1,0,0),
  (4707,9,1,465,NULL,2,1,0),
  (4708,2,1,465,NULL,2,1,0),
  (4709,29,1,465,NULL,2,1,0),
  (4710,1,1,465,NULL,2,1,0),
  (4711,3,1,465,NULL,2,1,0),
  (4712,2,1,465,2,NULL,1,0),
  (4713,29,1,465,2,NULL,1,0),
  (4714,1,1,465,2,NULL,1,0),
  (4715,9,1,465,2,NULL,0,0),
  (4716,3,1,465,2,NULL,1,0),
  (4717,29,1,466,NULL,1,0,0),
  (4718,1,1,466,NULL,1,0,0),
  (4719,3,1,466,NULL,1,1,0),
  (4720,9,1,466,NULL,1,0,0),
  (4721,2,1,466,NULL,1,0,0),
  (4722,9,1,466,NULL,2,1,0),
  (4723,2,1,466,NULL,2,1,0),
  (4724,29,1,466,NULL,2,1,0),
  (4725,1,1,466,NULL,2,1,0),
  (4726,3,1,466,NULL,2,1,0),
  (4727,2,1,466,2,NULL,1,0),
  (4728,29,1,466,2,NULL,1,0),
  (4729,1,1,466,2,NULL,1,0),
  (4730,9,1,466,2,NULL,0,0),
  (4731,3,1,466,2,NULL,1,0),
  (4732,29,1,467,NULL,1,0,0),
  (4733,1,1,467,NULL,1,0,0),
  (4734,3,1,467,NULL,1,1,0),
  (4735,9,1,467,NULL,1,0,0),
  (4736,2,1,467,NULL,1,0,0),
  (4737,9,1,467,NULL,2,1,0),
  (4738,2,1,467,NULL,2,1,0),
  (4739,29,1,467,NULL,2,1,0),
  (4740,1,1,467,NULL,2,1,0),
  (4741,3,1,467,NULL,2,1,0),
  (4742,2,1,467,2,NULL,1,0),
  (4743,29,1,467,2,NULL,1,0),
  (4744,1,1,467,2,NULL,1,0),
  (4745,9,1,467,2,NULL,0,0),
  (4746,3,1,467,2,NULL,1,0),
  (4747,29,1,468,NULL,1,0,0),
  (4748,1,1,468,NULL,1,0,0),
  (4749,3,1,468,NULL,1,1,0),
  (4750,9,1,468,NULL,1,0,0),
  (4751,2,1,468,NULL,1,0,0),
  (4752,9,1,468,NULL,2,1,0),
  (4753,2,1,468,NULL,2,1,0),
  (4754,29,1,468,NULL,2,1,0),
  (4755,1,1,468,NULL,2,1,0),
  (4756,3,1,468,NULL,2,1,0),
  (4757,2,1,468,2,NULL,1,0),
  (4758,29,1,468,2,NULL,1,0),
  (4759,1,1,468,2,NULL,1,0),
  (4760,9,1,468,2,NULL,0,0),
  (4761,3,1,468,2,NULL,1,0),
  (4762,19,11,469,NULL,1,0,0),
  (4763,5,11,469,NULL,1,1,0),
  (4764,9,11,469,NULL,1,0,0),
  (4765,9,11,469,NULL,2,0,0),
  (4766,19,11,469,NULL,2,1,0),
  (4767,5,11,469,NULL,2,1,0),
  (4768,9,11,469,2,NULL,1,0),
  (4769,19,11,469,2,NULL,0,0),
  (4770,5,11,469,2,NULL,0,0),
  (4771,4,2,6,NULL,1,0,0),
  (4772,5,2,6,NULL,1,1,0),
  (4773,6,2,6,NULL,1,0,0),
  (4774,7,2,6,NULL,1,0,0),
  (4775,30,2,6,NULL,1,0,0),
  (4776,8,2,6,NULL,1,0,0),
  (4777,9,2,6,NULL,1,0,0),
  (4778,19,11,470,NULL,1,0,0),
  (4779,5,11,470,NULL,1,1,0),
  (4780,9,11,470,NULL,1,0,0),
  (4781,9,11,470,NULL,2,0,0),
  (4782,19,11,470,NULL,2,1,0),
  (4783,5,11,470,NULL,2,1,0),
  (4784,9,11,470,2,NULL,1,0),
  (4785,19,11,470,2,NULL,0,0),
  (4786,5,11,470,2,NULL,0,0),
  (4787,19,11,471,NULL,1,0,0),
  (4788,5,11,471,NULL,1,1,0),
  (4789,9,11,471,NULL,1,0,0),
  (4790,9,11,471,NULL,2,0,0),
  (4791,19,11,471,NULL,2,1,0),
  (4792,5,11,471,NULL,2,1,0),
  (4793,9,11,471,2,NULL,1,0),
  (4794,19,11,471,2,NULL,0,0),
  (4795,5,11,471,2,NULL,0,0),
  (4796,9,3,472,NULL,1,0,0),
  (4797,2,3,472,NULL,1,0,0),
  (4798,12,3,472,NULL,1,0,0),
  (4799,1,3,472,NULL,1,0,0),
  (4800,5,3,472,NULL,1,1,0),
  (4801,11,3,472,NULL,1,1,0),
  (4802,10,3,472,NULL,1,1,0),
  (4803,9,3,472,NULL,2,1,0),
  (4804,2,3,472,NULL,2,1,0),
  (4805,12,3,472,NULL,2,1,0),
  (4806,1,3,472,NULL,2,1,0),
  (4807,5,3,472,NULL,2,1,0),
  (4808,11,3,472,NULL,2,1,0),
  (4809,10,3,472,NULL,2,1,0),
  (4810,10,3,472,2,NULL,1,0),
  (4811,11,3,472,2,NULL,1,0),
  (4812,5,3,472,2,NULL,1,0),
  (4813,1,3,472,2,NULL,1,0),
  (4814,12,3,472,2,NULL,1,0),
  (4815,2,3,472,2,NULL,1,0),
  (4816,9,3,472,2,NULL,1,0),
  (4817,3,1,378,NULL,2,1,0),
  (4818,1,1,378,NULL,2,0,0),
  (4819,29,1,378,NULL,2,0,0),
  (4820,2,1,378,NULL,2,0,0),
  (4821,9,1,378,NULL,2,0,0),
  (4822,3,1,0,NULL,2,1,0),
  (4823,1,1,0,NULL,2,0,0),
  (4824,29,1,0,NULL,2,0,0),
  (4825,2,1,0,NULL,2,0,0),
  (4826,9,1,0,NULL,2,0,0),
  (4827,19,11,477,NULL,1,0,0),
  (4828,5,11,477,NULL,1,1,0),
  (4829,9,11,477,NULL,1,0,0),
  (4830,9,11,477,NULL,2,0,0),
  (4831,19,11,477,NULL,2,1,0),
  (4832,5,11,477,NULL,2,1,0),
  (4833,9,11,477,2,NULL,1,0),
  (4834,19,11,477,2,NULL,0,0),
  (4835,5,11,477,2,NULL,0,0),
  (4853,3,6,9,NULL,1,1,0),
  (4854,1,6,9,NULL,1,0,1),
  (4855,2,6,9,NULL,1,0,1),
  (4856,29,6,9,NULL,1,0,0),
  (4857,9,6,9,NULL,1,0,1),
  (4858,9,7,233,NULL,1,0,1),
  (4859,20,7,233,NULL,1,0,1),
  (4860,18,7,233,NULL,1,0,1),
  (4861,19,11,504,NULL,1,0,0),
  (4862,5,11,504,NULL,1,1,0),
  (4863,9,11,504,NULL,1,0,0),
  (4864,9,11,504,NULL,2,0,0),
  (4865,19,11,504,NULL,2,1,0),
  (4866,5,11,504,NULL,2,1,0),
  (4867,9,11,504,2,NULL,1,0),
  (4868,19,11,504,2,NULL,0,0),
  (4869,5,11,504,2,NULL,0,0),
  (4870,9,11,535,2,NULL,1,0),
  (4871,19,11,535,2,NULL,0,0),
  (4872,5,11,535,2,NULL,0,0),
  (4873,9,11,570,2,NULL,1,0),
  (4874,19,11,570,2,NULL,0,0),
  (4875,5,11,570,2,NULL,0,0),
  (4879,9,11,591,2,NULL,1,0),
  (4880,19,11,591,2,NULL,0,0),
  (4881,5,11,591,2,NULL,0,0),
  (4882,9,11,596,2,NULL,1,0),
  (4883,19,11,596,2,NULL,0,0),
  (4884,5,11,596,2,NULL,0,0),
  (4885,9,11,607,2,NULL,1,0),
  (4886,19,11,607,2,NULL,0,0),
  (4887,5,11,607,2,NULL,0,0),
  (4888,9,11,614,2,NULL,1,0),
  (4889,19,11,614,2,NULL,0,0),
  (4890,5,11,614,2,NULL,0,0),
  (4891,9,11,631,2,NULL,1,0),
  (4892,19,11,631,2,NULL,0,0),
  (4893,5,11,631,2,NULL,0,0),
  (4894,9,11,668,2,NULL,1,0),
  (4895,19,11,668,2,NULL,0,0),
  (4896,5,11,668,2,NULL,0,0),
  (4897,9,11,669,2,NULL,1,0),
  (4898,19,11,669,2,NULL,0,0),
  (4899,5,11,669,2,NULL,0,0),
  (4900,3,22,0,NULL,1,1,0),
  (4901,9,11,783,2,NULL,1,0),
  (4902,19,11,783,2,NULL,0,0),
  (4903,5,11,783,2,NULL,0,0),
  (4904,9,11,836,2,NULL,1,0),
  (4905,19,11,836,2,NULL,0,0),
  (4906,5,11,836,2,NULL,0,0),
  (4907,80,39,879,NULL,2,1,0),
  (4911,81,34,0,NULL,2,1,0),
  (4912,19,34,0,NULL,2,1,0),
  (4913,66,34,0,NULL,2,1,0),
  (4914,5,32,0,NULL,2,1,0),
  (4915,82,32,0,NULL,2,1,0),
  (4916,80,39,0,NULL,2,1,0),
  (4917,80,39,0,NULL,1,1,0),
  (4918,5,32,0,NULL,1,1,0),
  (4920,81,34,0,NULL,1,1,0),
  (4921,66,34,0,NULL,1,1,0),
  (4922,86,35,0,NULL,1,1,0),
  (4923,86,35,0,NULL,2,1,0),
  (4924,1,35,983,2,NULL,1,0),
  (4925,1,35,984,2,NULL,1,0),
  (4926,1,35,985,2,NULL,1,0),
  (4927,1,35,986,3,NULL,1,0),
  (4928,1,35,987,3,NULL,1,0),
  (4933,81,34,988,2,NULL,1,0),
  (4934,19,34,988,2,NULL,1,0),
  (4935,66,34,988,2,NULL,1,0),
  (4936,87,34,988,2,NULL,1,0),
  (4937,1,35,989,2,NULL,1,0),
  (4938,81,34,992,2,NULL,1,0),
  (4939,19,34,992,2,NULL,1,0),
  (4940,66,34,992,2,NULL,1,0),
  (4941,87,34,992,2,NULL,1,0),
  (4942,1,35,993,2,NULL,1,0),
  (4943,81,34,996,2,NULL,1,0),
  (4944,19,34,996,2,NULL,1,0),
  (4945,66,34,996,2,NULL,1,0),
  (4946,87,34,996,2,NULL,1,0),
  (4947,1,35,997,2,NULL,1,0),
  (4948,1,35,1002,2,NULL,1,0),
  (4949,1,35,1003,3,NULL,1,0),
  (4950,1,35,1007,2,NULL,1,0),
  (4951,1,35,1008,2,NULL,1,0),
  (4952,1,35,1009,3,NULL,1,0),
  (4953,1,35,1010,3,NULL,1,0),
  (4954,1,35,1011,3,NULL,1,0),
  (4955,1,35,1012,3,NULL,1,0),
  (4956,1,35,1013,3,NULL,1,0),
  (4957,1,35,1014,3,NULL,1,0),
  (4958,1,35,1015,2,NULL,1,0),
  (4959,1,35,1016,2,NULL,1,0),
  (4960,1,35,1020,2,NULL,1,0),
  (4961,81,34,1024,2,NULL,1,0),
  (4962,19,34,1024,2,NULL,1,0),
  (4963,66,34,1024,2,NULL,1,0),
  (4964,87,34,1024,2,NULL,1,0),
  (4965,1,35,1026,2,NULL,1,0),
  (4966,81,34,1031,2,NULL,1,0),
  (4967,19,34,1031,2,NULL,1,0),
  (4968,66,34,1031,2,NULL,1,0),
  (4969,87,34,1031,2,NULL,1,0),
  (4970,1,35,1032,2,NULL,1,0),
  (4971,1,35,1037,3,NULL,1,0),
  (4972,1,35,1041,3,NULL,1,0),
  (4973,1,35,1045,3,NULL,1,0),
  (4974,1,35,1049,3,NULL,1,0),
  (4975,1,35,1053,3,NULL,1,0),
  (4976,1,35,1057,3,NULL,1,0),
  (4977,1,35,1061,3,NULL,1,0),
  (4978,1,35,1065,3,NULL,1,0),
  (4979,1,35,1069,3,NULL,1,0),
  (4980,1,35,1073,3,NULL,1,0),
  (4981,1,35,1077,3,NULL,1,0),
  (4982,1,35,1081,3,NULL,1,0),
  (4983,1,35,1085,3,NULL,1,0),
  (4984,1,35,1089,3,NULL,1,0),
  (4985,9,11,1160,2,NULL,1,0),
  (4986,19,11,1160,2,NULL,0,0),
  (4987,5,11,1160,2,NULL,0,0),
  (4988,2,1,1165,2,NULL,1,0),
  (4989,29,1,1165,2,NULL,1,0),
  (4990,1,1,1165,2,NULL,1,0),
  (4991,9,1,1165,2,NULL,0,0),
  (4992,3,1,1165,2,NULL,1,0),
  (4993,9,11,1167,2,NULL,1,0),
  (4994,19,11,1167,2,NULL,0,0),
  (4995,5,11,1167,2,NULL,0,0),
  (4996,9,11,1171,2,NULL,1,0),
  (4997,19,11,1171,2,NULL,0,0),
  (4998,5,11,1171,2,NULL,0,0),
  (4999,5,11,1223,2,NULL,0,0),
  (5000,19,11,1223,2,NULL,0,0),
  (5001,9,11,1223,2,NULL,1,0),
  (5002,5,11,1226,2,NULL,0,0),
  (5003,19,11,1226,2,NULL,0,0),
  (5004,9,11,1226,2,NULL,1,0),
  (5005,5,11,1227,2,NULL,0,0),
  (5006,19,11,1227,2,NULL,0,0),
  (5007,9,11,1227,2,NULL,1,0),
  (5008,5,11,1229,2,NULL,0,0),
  (5009,19,11,1229,2,NULL,0,0),
  (5010,9,11,1229,2,NULL,1,0);

COMMIT;

#
# Structure for the `sys_access_registry` table : 
#

DROP TABLE IF EXISTS `sys_access_registry`;

CREATE TABLE `sys_access_registry` (
  `obj_id` int(11) unsigned default NULL,
  `class_section_id` int(11) unsigned default NULL,
  KEY `obj_id` (`obj_id`)
) ENGINE=MyISAM DEFAULT CHARSET=utf8;

#
# Data for the `sys_access_registry` table  (LIMIT 0,500)
#

INSERT INTO `sys_access_registry` (`obj_id`, `class_section_id`) VALUES 
  (6,2),
  (46,1),
  (298,2),
  (318,1),
  (295,2),
  (12,3),
  (13,3),
  (14,4),
  (15,4),
  (9,6),
  (10,6),
  (11,6),
  (55,3),
  (56,4),
  (57,6),
  (60,1),
  (61,2),
  (62,7),
  (63,7),
  (64,7),
  (65,5),
  (190,7),
  (69,7),
  (70,7),
  (71,7),
  (72,7),
  (73,7),
  (287,7),
  (75,7),
  (297,2),
  (189,12),
  (95,7),
  (134,11),
  (191,7),
  (135,10),
  (99,10),
  (100,10),
  (101,10),
  (192,7),
  (193,7),
  (94,7),
  (195,15),
  (194,7),
  (145,11),
  (107,10),
  (108,10),
  (121,12),
  (123,7),
  (126,12),
  (122,7),
  (296,2),
  (299,2),
  (148,12),
  (149,12),
  (150,12),
  (151,12),
  (155,12),
  (177,11),
  (157,12),
  (310,1),
  (317,1),
  (161,13),
  (162,7),
  (163,13),
  (164,6),
  (165,6),
  (166,6),
  (167,6),
  (168,6),
  (169,6),
  (170,6),
  (171,11),
  (172,11),
  (173,11),
  (174,11),
  (175,11),
  (176,12),
  (198,7),
  (201,14),
  (202,14),
  (533,15),
  (300,2),
  (301,2),
  (306,2),
  (305,2),
  (304,2),
  (303,2),
  (302,2),
  (224,12),
  (225,4),
  (226,8),
  (473,8),
  (233,7),
  (234,13),
  (309,1),
  (490,16),
  (240,7),
  (476,12),
  (486,17),
  (253,12),
  (259,12),
  (260,12),
  (261,7),
  (262,12),
  (286,12),
  (264,7),
  (265,7),
  (266,7),
  (316,1),
  (314,1),
  (307,2),
  (308,2),
  (313,1),
  (312,1),
  (311,1),
  (315,1),
  (288,7),
  (477,11),
  (290,7),
  (319,1),
  (320,1),
  (321,1),
  (322,1),
  (323,1),
  (324,1),
  (325,1),
  (326,1),
  (327,1),
  (328,1),
  (329,1),
  (330,1),
  (331,1),
  (332,1),
  (333,1),
  (334,1),
  (335,1),
  (336,1),
  (337,1),
  (338,1),
  (339,1),
  (340,1),
  (341,1),
  (342,1),
  (343,1),
  (345,1),
  (346,1),
  (347,1),
  (348,1),
  (349,1),
  (350,1),
  (351,1),
  (352,1),
  (353,1),
  (354,1),
  (355,1),
  (356,1),
  (357,1),
  (358,1),
  (359,1),
  (360,1),
  (361,1),
  (362,1),
  (363,1),
  (364,1),
  (365,1),
  (366,1),
  (367,1),
  (368,1),
  (369,1),
  (370,1),
  (371,1),
  (372,1),
  (373,1),
  (374,1),
  (375,1),
  (376,1),
  (377,1),
  (378,1),
  (379,1),
  (380,1),
  (381,1),
  (382,1),
  (383,1),
  (384,1),
  (385,1),
  (386,1),
  (387,1),
  (388,1),
  (389,1),
  (390,1),
  (391,1),
  (392,1),
  (393,1),
  (394,1),
  (395,1),
  (396,1),
  (397,1),
  (398,1),
  (399,1),
  (400,1),
  (401,1),
  (402,1),
  (403,1),
  (404,1),
  (405,1),
  (406,1),
  (407,1),
  (408,1),
  (409,1),
  (410,1),
  (411,1),
  (412,1),
  (413,1),
  (414,1),
  (415,1),
  (416,1),
  (417,1),
  (418,1),
  (419,1),
  (420,1),
  (421,1),
  (422,1),
  (423,1),
  (424,1),
  (425,1),
  (426,1),
  (427,1),
  (428,1),
  (429,1),
  (430,1),
  (431,1),
  (432,1),
  (433,1),
  (434,1),
  (435,1),
  (436,1),
  (437,1),
  (438,1),
  (439,1),
  (440,1),
  (441,1),
  (442,1),
  (443,1),
  (444,1),
  (445,1),
  (446,1),
  (447,1),
  (448,1),
  (449,1),
  (450,1),
  (451,1),
  (452,1),
  (453,1),
  (454,1),
  (455,1),
  (456,1),
  (457,1),
  (458,1),
  (459,1),
  (460,1),
  (461,1),
  (462,1),
  (463,1),
  (464,1),
  (465,1),
  (466,1),
  (467,1),
  (468,1),
  (469,11),
  (470,11),
  (471,11),
  (472,3),
  (487,17),
  (481,17),
  (488,17),
  (489,16),
  (501,16),
  (494,12),
  (498,12),
  (497,7),
  (502,16),
  (503,16),
  (504,11),
  (507,12),
  (529,12),
  (524,12),
  (530,7),
  (531,7),
  (532,7),
  (535,11),
  (536,19),
  (537,18),
  (538,12),
  (540,20),
  (541,12),
  (545,20),
  (548,20),
  (551,20),
  (554,20),
  (563,16),
  (562,16),
  (564,16),
  (565,16),
  (566,16),
  (567,12),
  (607,11),
  (570,11),
  (591,11),
  (837,31),
  (596,11),
  (611,14),
  (612,20),
  (614,11),
  (615,12),
  (616,14),
  (619,12),
  (1229,11),
  (842,25),
  (631,11),
  (632,7),
  (633,7),
  (634,12),
  (635,7),
  (660,22),
  (637,21),
  (663,21),
  (639,21),
  (643,7),
  (641,21),
  (642,7),
  (644,7),
  (645,23),
  (664,21),
  (654,12),
  (661,21),
  (662,21),
  (665,21),
  (666,21),
  (668,11),
  (669,11),
  (672,21),
  (679,7),
  (689,24),
  (681,24),
  (683,24),
  (684,24),
  (717,24),
  (692,24),
  (693,24),
  (703,24),
  (707,24),
  (715,24),
  (718,24),
  (759,12),
  (770,12),
  (775,16),
  (836,11),
  (783,11),
  (841,26),
  (241,17),
  (792,7),
  (793,7),
  (794,7),
  (795,7),
  (796,25),
  (807,7),
  (799,26),
  (801,28),
  (802,28),
  (803,28),
  (804,28),
  (805,28),
  (808,7),
  (809,30),
  (810,30),
  (811,30),
  (812,29),
  (815,21),
  (832,27),
  (823,26),
  (854,26),
  (843,25),
  (845,25),
  (844,26),
  (855,21),
  (853,24),
  (862,16),
  (863,7),
  (864,7),
  (865,7),
  (866,7),
  (868,7),
  (869,7),
  (870,37),
  (872,36),
  (874,38),
  (878,36),
  (879,39),
  (880,33),
  (881,32),
  (882,7),
  (883,7),
  (884,7),
  (885,34),
  (886,35),
  (887,35),
  (888,21),
  (889,34),
  (892,34),
  (895,34),
  (896,35),
  (899,34),
  (900,35),
  (903,34),
  (904,35),
  (907,34),
  (908,35),
  (911,35),
  (912,35),
  (913,35),
  (914,35),
  (915,35),
  (916,35),
  (918,35),
  (919,35),
  (920,35),
  (921,35),
  (923,34),
  (924,35),
  (927,34),
  (928,35),
  (931,35),
  (932,35),
  (933,35),
  (934,35),
  (935,33),
  (936,32),
  (937,32),
  (938,34),
  (939,35),
  (942,34),
  (943,35),
  (946,35),
  (947,34),
  (950,34),
  (951,35),
  (954,34),
  (956,35),
  (960,34),
  (962,35),
  (965,34),
  (966,35),
  (969,35),
  (970,35),
  (971,35),
  (972,35),
  (973,34),
  (974,35),
  (977,34),
  (978,35),
  (981,35),
  (982,7),
  (983,35),
  (984,35),
  (985,35),
  (986,35),
  (987,35),
  (988,34),
  (989,35),
  (992,34),
  (993,35),
  (996,34),
  (997,35),
  (1002,35),
  (1003,35),
  (1007,35),
  (1008,35),
  (1009,35),
  (1010,35),
  (1011,35),
  (1012,35),
  (1013,35),
  (1014,35),
  (1015,35),
  (1016,35),
  (1020,35),
  (1024,34),
  (1026,35),
  (1031,34),
  (1032,35),
  (1037,35),
  (1041,35),
  (1045,35),
  (1049,35),
  (1053,35),
  (1057,35),
  (1061,35),
  (1065,35),
  (1069,35),
  (1073,35);

COMMIT;

#
# Data for the `sys_access_registry` table  (LIMIT 500,500)
#

INSERT INTO `sys_access_registry` (`obj_id`, `class_section_id`) VALUES 
  (1077,35),
  (1081,35),
  (1085,35),
  (1089,35),
  (1093,15),
  (1100,35),
  (1104,35),
  (1116,34),
  (1117,35),
  (1126,35),
  (1130,35),
  (1134,35),
  (1149,35),
  (1153,35),
  (1155,35),
  (1159,35),
  (1160,11),
  (1161,40),
  (1162,41),
  (1165,1),
  (1166,40),
  (1167,11),
  (1168,42),
  (1169,40),
  (1170,40),
  (1171,11),
  (1172,41),
  (1173,42),
  (1174,40),
  (1175,41),
  (1179,41),
  (1177,41),
  (1180,41),
  (1181,42),
  (1182,42),
  (1183,42),
  (1184,7),
  (1185,22),
  (1186,21),
  (1187,21),
  (1188,21),
  (1189,21),
  (1190,21),
  (1191,21),
  (1193,18),
  (1194,18),
  (1195,14),
  (1196,20),
  (1199,14),
  (1200,20),
  (1203,14),
  (1204,20),
  (1207,14),
  (1208,20),
  (1215,14),
  (1216,20),
  (1219,14),
  (1220,20),
  (1223,11),
  (1226,11),
  (1227,11),
  (1230,43),
  (1231,7),
  (1232,29),
  (1234,22),
  (1238,21),
  (1239,21),
  (1240,21),
  (1241,21),
  (1242,21),
  (1243,21),
  (1244,46),
  (1245,7),
  (1246,40);

COMMIT;

#
# Structure for the `sys_actions` table : 
#

DROP TABLE IF EXISTS `sys_actions`;

CREATE TABLE `sys_actions` (
  `id` int(11) NOT NULL auto_increment,
  `name` char(255) default NULL,
  PRIMARY KEY  (`id`),
  UNIQUE KEY `name` (`name`)
) ENGINE=MyISAM DEFAULT CHARSET=utf8;

#
# Data for the `sys_actions` table  (LIMIT 0,500)
#

INSERT INTO `sys_actions` (`id`, `name`) VALUES 
  (1,'edit'),
  (2,'delete'),
  (3,'view'),
  (4,'create'),
  (5,'list'),
  (6,'createFolder'),
  (7,'editFolder'),
  (8,'deleteFolder'),
  (9,'editACL'),
  (10,'login'),
  (11,'exit'),
  (12,'memberOf'),
  (13,'groupDelete'),
  (14,'groupsList'),
  (15,'groupEdit'),
  (16,'membersList'),
  (17,'addToGroup'),
  (18,'editDefault'),
  (19,'post'),
  (20,'admin'),
  (21,'devToolbar'),
  (27,'upload'),
  (28,'get'),
  (29,'move'),
  (30,'moveFolder'),
  (51,'groupCreate'),
  (52,'viewGallery'),
  (53,'createAlbum'),
  (54,'editAlbum'),
  (55,'viewAlbum'),
  (56,'uploadPhoto'),
  (57,'viewThumbnail'),
  (59,'viewPhoto'),
  (60,'editPhoto'),
  (61,'save'),
  (62,'deletemenu'),
  (63,'addmenu'),
  (64,'editmenu'),
  (65,'additem'),
  (66,'last'),
  (67,'moveUp'),
  (68,'moveDown'),
  (69,'register'),
  (70,'results'),
  (71,'send'),
  (72,'addcategory'),
  (73,'deletecategory'),
  (74,'editcategory'),
  (75,'viewActual'),
  (76,'deleteAlbum'),
  (77,'deletecat'),
  (78,'createcat'),
  (79,'editcat'),
  (80,'forum'),
  (81,'thread'),
  (82,'newThread'),
  (83,'createCategory'),
  (84,'createForum'),
  (85,'editForum'),
  (86,'goto'),
  (87,'editThread'),
  (88,'moveThread'),
  (89,'up'),
  (90,'down'),
  (91,'createRoot'),
  (92,'browse'),
  (93,'new'),
  (94,'editTags'),
  (95,'tagsCloud'),
  (96,'itemsTagsCloud'),
  (97,'searchByTag');

COMMIT;

#
# Structure for the `sys_cfg` table : 
#

DROP TABLE IF EXISTS `sys_cfg`;

CREATE TABLE `sys_cfg` (
  `id` int(11) NOT NULL auto_increment,
  `section` int(11) NOT NULL default '0',
  `module` int(11) NOT NULL default '0',
  PRIMARY KEY  (`id`),
  UNIQUE KEY `section_module` (`section`,`module`)
) ENGINE=MyISAM DEFAULT CHARSET=utf8;

#
# Data for the `sys_cfg` table  (LIMIT 0,500)
#

INSERT INTO `sys_cfg` (`id`, `section`, `module`) VALUES 
  (1,0,0),
  (2,0,1),
  (3,0,2),
  (7,0,9),
  (9,0,10),
  (15,10,10),
  (16,0,8),
  (17,1,1),
  (18,9,9),
  (19,0,5),
  (20,0,6),
  (21,0,11),
  (22,0,12),
  (23,0,17),
  (24,0,18);

COMMIT;

#
# Structure for the `sys_cfg_titles` table : 
#

DROP TABLE IF EXISTS `sys_cfg_titles`;

CREATE TABLE `sys_cfg_titles` (
  `id` int(11) unsigned NOT NULL auto_increment,
  `title` char(255) default NULL,
  PRIMARY KEY  (`id`),
  UNIQUE KEY `title` (`title`)
) ENGINE=MyISAM DEFAULT CHARSET=utf8;

#
# Data for the `sys_cfg_titles` table  (LIMIT 0,500)
#

INSERT INTO `sys_cfg_titles` (`id`, `title`) VALUES 
  (1,'Элементов на странице'),
  (2,'Каталог загрузки'),
  (3,'Кэ'),
  (4,'Ширина создаваемой превью'),
  (5,'Длина создаваемого превью'),
  (6,'Ширина создаваемого превью'),
  (7,'Секция файлменеджера'),
  (8,'Количество последних фотографий'),
  (9,''),
  (10,'public_path'),
  (11,'Длина строки');

COMMIT;

#
# Structure for the `sys_cfg_values` table : 
#

DROP TABLE IF EXISTS `sys_cfg_values`;

CREATE TABLE `sys_cfg_values` (
  `id` int(11) NOT NULL auto_increment,
  `cfg_id` int(11) NOT NULL default '0',
  `name` int(11) NOT NULL default '0',
  `title` int(11) default NULL,
  `value` varchar(255) NOT NULL default '',
  PRIMARY KEY  (`id`),
  UNIQUE KEY `cfg_id_name` (`cfg_id`,`name`)
) ENGINE=MyISAM DEFAULT CHARSET=utf8;

#
# Data for the `sys_cfg_values` table  (LIMIT 0,500)
#

INSERT INTO `sys_cfg_values` (`id`, `cfg_id`, `name`, `title`, `value`) VALUES 
  (1,1,3,3,'true'),
  (2,2,1,1,'10'),
  (3,3,1,1,'20'),
  (14,6,1,1,'20'),
  (21,7,2,2,'../tmp'),
  (23,9,1,1,'60'),
  (28,4,1,1,'10'),
  (29,10,1,1,'10'),
  (30,8,2,2,'../files'),
  (31,11,1,1,'60'),
  (34,7,1,1,'10'),
  (40,15,1,1,'60'),
  (41,17,1,1,'10'),
  (44,21,4,6,'80'),
  (45,21,5,5,'60'),
  (46,21,6,7,'fileManager'),
  (47,21,7,8,'5'),
  (48,18,1,1,'10'),
  (49,18,2,2,'../files'),
  (50,7,8,10,'/files');

COMMIT;

#
# Structure for the `sys_cfg_vars` table : 
#

DROP TABLE IF EXISTS `sys_cfg_vars`;

CREATE TABLE `sys_cfg_vars` (
  `id` int(11) unsigned NOT NULL auto_increment,
  `name` char(255) default NULL,
  PRIMARY KEY  (`id`),
  UNIQUE KEY `name` (`name`)
) ENGINE=MyISAM DEFAULT CHARSET=utf8;

#
# Data for the `sys_cfg_vars` table  (LIMIT 0,500)
#

INSERT INTO `sys_cfg_vars` (`id`, `name`) VALUES 
  (1,'items_per_page'),
  (2,'upload_path'),
  (3,'cache'),
  (4,'thmb_width'),
  (5,'thmb_height'),
  (6,'filemanager_section'),
  (7,'last_photo_number'),
  (8,'public_path'),
  (9,'strlen'),
  (10,'length');

COMMIT;

#
# Structure for the `sys_classes` table : 
#

DROP TABLE IF EXISTS `sys_classes`;

CREATE TABLE `sys_classes` (
  `id` int(11) NOT NULL auto_increment,
  `name` char(255) default NULL,
  `module_id` int(11) unsigned default NULL,
  PRIMARY KEY  (`id`),
  UNIQUE KEY `name` (`name`)
) ENGINE=MyISAM DEFAULT CHARSET=utf8;

#
# Data for the `sys_classes` table  (LIMIT 0,500)
#

INSERT INTO `sys_classes` (`id`, `name`, `module_id`) VALUES 
  (1,'news',1),
  (2,'newsFolder',1),
  (3,'user',2),
  (4,'group',2),
  (6,'page',4),
  (7,'access',5),
  (8,'userGroup',2),
  (9,'admin',6),
  (10,'comments',8),
  (11,'commentsFolder',8),
  (12,'userAuth',2),
  (13,'pageFolder',4),
  (17,'file',9),
  (18,'folder',9),
  (19,'catalogue',10),
  (20,'catalogueFolder',10),
  (21,'gallery',11),
  (22,'album',11),
  (23,'photo',11),
  (24,'menuItem',12),
  (25,'menu',12),
  (26,'menuFolder',12),
  (27,'userOnline',2),
  (28,'question',13),
  (29,'answer',13),
  (30,'voteFolder',13),
  (32,'message',14),
  (33,'messageCategory',14),
  (34,'voteCategory',13),
  (35,'forum',15),
  (36,'category',15),
  (37,'thread',15),
  (38,'post',15),
  (39,'faq',16),
  (41,'faqCategory',16),
  (42,'faqFolder',16),
  (43,'categoryFolder',15),
  (44,'tags',17),
  (45,'tagsItem',17),
  (46,'tagsItemRel',17),
  (47,'captcha',18),
  (49,'config',6);

COMMIT;

#
# Structure for the `sys_classes_actions` table : 
#

DROP TABLE IF EXISTS `sys_classes_actions`;

CREATE TABLE `sys_classes_actions` (
  `id` int(11) unsigned NOT NULL auto_increment,
  `class_id` int(11) unsigned default NULL,
  `action_id` int(11) unsigned default NULL,
  PRIMARY KEY  (`id`),
  UNIQUE KEY `class_id` (`class_id`,`action_id`)
) ENGINE=MyISAM DEFAULT CHARSET=utf8;

#
# Data for the `sys_classes_actions` table  (LIMIT 0,500)
#

INSERT INTO `sys_classes_actions` (`id`, `class_id`, `action_id`) VALUES 
  (1,1,1),
  (2,1,2),
  (3,1,3),
  (4,1,9),
  (5,2,4),
  (6,2,5),
  (7,2,6),
  (8,2,7),
  (9,2,8),
  (10,2,9),
  (11,3,10),
  (12,3,11),
  (13,3,5),
  (14,3,1),
  (15,3,12),
  (16,3,2),
  (17,4,13),
  (18,4,14),
  (19,4,15),
  (20,4,16),
  (21,4,17),
  (22,3,9),
  (23,4,9),
  (24,6,3),
  (25,6,9),
  (28,6,1),
  (29,6,2),
  (31,7,18),
  (32,7,9),
  (34,9,3),
  (35,9,9),
  (36,10,1),
  (37,10,2),
  (38,10,9),
  (39,11,5),
  (40,11,19),
  (41,11,9),
  (42,9,20),
  (46,13,9),
  (47,13,7),
  (48,13,6),
  (49,13,4),
  (50,13,5),
  (51,9,21),
  (62,18,27),
  (63,17,1),
  (64,17,28),
  (65,17,2),
  (66,17,9),
  (67,18,9),
  (68,17,18),
  (69,18,18),
  (70,1,29),
  (71,17,29),
  (72,18,6),
  (73,18,8),
  (74,18,7),
  (76,2,30),
  (77,18,30),
  (91,13,8),
  (92,13,30),
  (95,19,2),
  (99,20,5),
  (100,20,4),
  (102,20,6),
  (103,20,7),
  (104,20,30),
  (105,20,8),
  (107,19,29),
  (108,19,1),
  (109,17,20),
  (110,18,20),
  (111,19,9),
  (114,7,20),
  (115,20,9),
  (116,6,29),
  (121,19,20),
  (126,3,4),
  (127,4,51),
  (129,19,3),
  (130,21,9),
  (131,22,9),
  (132,23,9),
  (133,21,52),
  (134,21,53),
  (135,22,54),
  (136,22,55),
  (137,22,56),
  (138,23,57),
  (139,23,2),
  (141,23,3),
  (143,23,59),
  (144,23,60),
  (145,24,9),
  (146,25,9),
  (147,25,3),
  (151,24,1),
  (152,24,4),
  (155,25,62),
  (156,24,2),
  (157,26,9),
  (158,26,20),
  (160,26,63),
  (161,25,64),
  (167,3,69),
  (168,21,20),
  (169,28,9),
  (170,29,9),
  (171,30,9),
  (172,31,9),
  (174,28,3),
  (176,28,70),
  (177,28,1),
  (178,28,19),
  (179,32,9),
  (180,33,9),
  (181,33,5),
  (182,32,3),
  (185,33,71),
  (186,32,2),
  (187,30,20),
  (189,28,2),
  (190,34,9),
  (192,34,4),
  (194,30,72),
  (195,34,73),
  (196,34,74),
  (197,34,75),
  (198,22,76),
  (199,24,29),
  (200,35,9),
  (201,36,9),
  (202,37,9),
  (203,38,9),
  (205,39,9),
  (206,40,9),
  (207,41,9),
  (208,42,9),
  (209,41,5),
  (210,41,4),
  (211,39,1),
  (212,39,2),
  (214,41,77),
  (215,42,20),
  (216,42,78),
  (217,41,79),
  (218,43,9),
  (219,43,80),
  (221,37,81),
  (222,35,5),
  (223,35,82),
  (224,37,19),
  (225,38,1),
  (226,43,83),
  (227,35,20),
  (229,36,74),
  (230,36,84),
  (231,35,85),
  (232,37,66),
  (233,38,86),
  (234,37,87),
  (235,37,88),
  (239,25,91),
  (240,18,5),
  (241,18,92),
  (242,44,9),
  (243,45,9),
  (244,46,9),
  (249,45,96),
  (250,45,95),
  (251,45,94),
  (252,45,5),
  (253,1,97),
  (254,47,9),
  (255,47,3),
  (256,48,9),
  (257,49,9);

COMMIT;

#
# Structure for the `sys_classes_sections` table : 
#

DROP TABLE IF EXISTS `sys_classes_sections`;

CREATE TABLE `sys_classes_sections` (
  `id` int(11) NOT NULL auto_increment,
  `class_id` int(11) default NULL,
  `section_id` int(11) default NULL,
  PRIMARY KEY  (`id`),
  UNIQUE KEY `module_section` (`section_id`,`class_id`),
  KEY `class_id` (`class_id`)
) ENGINE=MyISAM DEFAULT CHARSET=utf8;

#
# Data for the `sys_classes_sections` table  (LIMIT 0,500)
#

INSERT INTO `sys_classes_sections` (`id`, `class_id`, `section_id`) VALUES 
  (1,1,1),
  (2,2,1),
  (3,3,2),
  (4,4,2),
  (6,6,4),
  (7,7,6),
  (8,8,2),
  (9,9,7),
  (10,10,8),
  (11,11,8),
  (12,12,2),
  (13,13,4),
  (14,17,9),
  (15,18,9),
  (16,19,10),
  (17,20,10),
  (18,22,11),
  (19,21,11),
  (20,23,11),
  (21,24,12),
  (22,25,12),
  (23,26,12),
  (24,27,2),
  (25,28,13),
  (26,29,13),
  (27,30,13),
  (28,31,13),
  (29,32,14),
  (30,33,14),
  (31,34,13),
  (32,35,15),
  (33,36,15),
  (34,37,15),
  (35,38,15),
  (36,39,16),
  (37,41,16),
  (38,42,16),
  (39,43,15),
  (40,45,17),
  (41,44,17),
  (42,46,17),
  (43,47,18),
  (44,48,7),
  (45,49,7),
  (46,49,6);

COMMIT;

#
# Structure for the `sys_config` table : 
#

DROP TABLE IF EXISTS `sys_config`;

CREATE TABLE `sys_config` (
  `id` int(11) unsigned NOT NULL auto_increment,
  `type_id` int(11) unsigned default NULL,
  `name` varchar(255) NOT NULL default '',
  PRIMARY KEY  (`id`)
) ENGINE=MyISAM DEFAULT CHARSET=utf8;

#
# Data for the `sys_config` table  (LIMIT 0,500)
#

INSERT INTO `sys_config` (`id`, `type_id`, `name`) VALUES 
  (1,1,'catalogue');

COMMIT;

#
# Structure for the `sys_config_data` table : 
#

DROP TABLE IF EXISTS `sys_config_data`;

CREATE TABLE `sys_config_data` (
  `id` int(11) NOT NULL default '0',
  `property_type` int(11) unsigned default NULL,
  `text` text,
  `char` varchar(255) default NULL,
  `int` int(11) default NULL,
  `float` float(9,3) default NULL,
  UNIQUE KEY `id` (`id`,`property_type`)
) ENGINE=MyISAM DEFAULT CHARSET=utf8 ROW_FORMAT=FIXED;

#
# Data for the `sys_config_data` table  (LIMIT 0,500)
#

INSERT INTO `sys_config_data` (`id`, `property_type`, `text`, `char`, `int`, `float`) VALUES 
  (1,1,NULL,'10',NULL,NULL);

COMMIT;

#
# Structure for the `sys_config_properties` table : 
#

DROP TABLE IF EXISTS `sys_config_properties`;

CREATE TABLE `sys_config_properties` (
  `id` int(11) unsigned NOT NULL auto_increment,
  `name` varchar(255) default NULL,
  `title` varchar(255) default NULL,
  `type_id` int(11) unsigned default NULL,
  `default` varchar(255) NOT NULL,
  `args` text,
  PRIMARY KEY  (`id`),
  KEY `name` (`name`)
) ENGINE=MyISAM DEFAULT CHARSET=utf8;

#
# Data for the `sys_config_properties` table  (LIMIT 0,500)
#

INSERT INTO `sys_config_properties` (`id`, `name`, `title`, `type_id`, `default`, `args`) VALUES 
  (1,'items_per_page','Элементов на страницу',3,'10',NULL);

COMMIT;

#
# Structure for the `sys_config_properties_types` table : 
#

DROP TABLE IF EXISTS `sys_config_properties_types`;

CREATE TABLE `sys_config_properties_types` (
  `id` int(11) unsigned NOT NULL auto_increment,
  `name` varchar(255) default NULL,
  `title` varchar(255) NOT NULL default '',
  PRIMARY KEY  (`id`)
) ENGINE=MyISAM DEFAULT CHARSET=utf8;

#
# Data for the `sys_config_properties_types` table  (LIMIT 0,500)
#

INSERT INTO `sys_config_properties_types` (`id`, `name`, `title`) VALUES 
  (1,'char','строка'),
  (2,'float','число с плавающей точкой'),
  (3,'int','целое число'),
  (4,'text','текст'),
  (5,'select','обычный список'),
  (6,'datetime','дата и время'),
  (7,'dynamicselect','динамический список'),
  (8,'img','изображение');

COMMIT;

#
# Structure for the `sys_config_types` table : 
#

DROP TABLE IF EXISTS `sys_config_types`;

CREATE TABLE `sys_config_types` (
  `id` int(11) unsigned NOT NULL auto_increment,
  `name` char(255) default NULL,
  `title` char(255) default NULL,
  PRIMARY KEY  (`id`)
) ENGINE=MyISAM DEFAULT CHARSET=utf8;

#
# Data for the `sys_config_types` table  (LIMIT 0,500)
#

INSERT INTO `sys_config_types` (`id`, `name`, `title`) VALUES 
  (1,'catalogue','Модуль catalogue');

COMMIT;

#
# Structure for the `sys_config_types_props` table : 
#

DROP TABLE IF EXISTS `sys_config_types_props`;

CREATE TABLE `sys_config_types_props` (
  `id` int(11) unsigned NOT NULL auto_increment,
  `type_id` int(11) unsigned default NULL,
  `property_id` int(11) unsigned default NULL,
  `sort` int(11) unsigned default '0',
  `isFull` tinyint(1) NOT NULL default '1',
  `isShort` tinyint(1) NOT NULL default '0',
  PRIMARY KEY  (`id`),
  KEY `property_id` (`property_id`)
) ENGINE=MyISAM DEFAULT CHARSET=utf8;

#
# Data for the `sys_config_types_props` table  (LIMIT 0,500)
#

INSERT INTO `sys_config_types_props` (`id`, `type_id`, `property_id`, `sort`, `isFull`, `isShort`) VALUES 
  (1,1,1,0,1,0);

COMMIT;

#
# Structure for the `sys_modules` table : 
#

DROP TABLE IF EXISTS `sys_modules`;

CREATE TABLE `sys_modules` (
  `id` int(11) unsigned NOT NULL auto_increment,
  `name` char(255) default NULL,
  `main_class` int(11) unsigned default NULL,
  `title` char(255) default NULL,
  `icon` char(255) default NULL,
  `order` int(11) default NULL,
  PRIMARY KEY  (`id`)
) ENGINE=MyISAM DEFAULT CHARSET=utf8;

#
# Data for the `sys_modules` table  (LIMIT 0,500)
#

INSERT INTO `sys_modules` (`id`, `name`, `main_class`, `title`, `icon`, `order`) VALUES 
  (1,'news',1,'Новости','news.gif',10),
  (2,'user',3,'Пользователи','users.gif',90),
  (4,'page',6,'Страницы','pages.gif',20),
  (5,'access',7,'Права доступа','access.gif',10),
  (6,'admin',9,'Администрирование','admin.gif',20),
  (8,'comments',10,'Комментарии','comments.gif',40),
  (9,'fileManager',17,'Менеджер файлов','fm.gif',50),
  (10,'catalogue',19,'Каталог','catalogue.gif',30),
  (11,'gallery',21,'Галерея','gallery.gif',80),
  (12,'menu',26,'Меню','pages.gif',90),
  (13,'voting',30,'Голосование','voting.gif',0),
  (14,'message',32,'Сообщения пользователей','page.gif',0),
  (15,'forum',35,'Форум','',0),
  (16,'faq',42,'FAQ','',0),
  (17,'tags',45,'','',0),
  (18,'captcha',47,'Captcha','',0);

COMMIT;

#
# Structure for the `sys_obj_id` table : 
#

DROP TABLE IF EXISTS `sys_obj_id`;

CREATE TABLE `sys_obj_id` (
  `id` int(11) unsigned NOT NULL auto_increment,
  PRIMARY KEY  (`id`)
) ENGINE=MyISAM DEFAULT CHARSET=utf8;

#
# Data for the `sys_obj_id` table  (LIMIT 0,500)
#

INSERT INTO `sys_obj_id` (`id`) VALUES 
  (15),
  (16),
  (17),
  (18),
  (19),
  (20),
  (21),
  (22),
  (23),
  (24),
  (25),
  (26),
  (27),
  (28),
  (29),
  (30),
  (31),
  (32),
  (33),
  (34),
  (35),
  (36),
  (37),
  (38),
  (39),
  (40),
  (41),
  (42),
  (43),
  (44),
  (45),
  (46),
  (47),
  (48),
  (49),
  (50),
  (51),
  (52),
  (53),
  (54),
  (55),
  (56),
  (57),
  (58),
  (59),
  (60),
  (61),
  (62),
  (63),
  (64),
  (65),
  (66),
  (67),
  (68),
  (69),
  (70),
  (71),
  (72),
  (73),
  (74),
  (75),
  (76),
  (77),
  (78),
  (79),
  (80),
  (81),
  (82),
  (83),
  (84),
  (85),
  (86),
  (87),
  (88),
  (89),
  (90),
  (91),
  (92),
  (93),
  (94),
  (95),
  (96),
  (97),
  (98),
  (99),
  (100),
  (101),
  (102),
  (103),
  (104),
  (105),
  (106),
  (107),
  (108),
  (109),
  (110),
  (111),
  (112),
  (113),
  (114),
  (115),
  (116),
  (117),
  (118),
  (119),
  (120),
  (121),
  (122),
  (123),
  (124),
  (125),
  (126),
  (127),
  (128),
  (129),
  (130),
  (131),
  (132),
  (133),
  (134),
  (135),
  (136),
  (137),
  (138),
  (139),
  (140),
  (141),
  (142),
  (143),
  (144),
  (145),
  (146),
  (147),
  (148),
  (149),
  (150),
  (151),
  (152),
  (153),
  (154),
  (155),
  (156),
  (157),
  (158),
  (159),
  (160),
  (161),
  (162),
  (163),
  (164),
  (165),
  (166),
  (167),
  (168),
  (169),
  (170),
  (171),
  (172),
  (173),
  (174),
  (175),
  (176),
  (177),
  (178),
  (179),
  (180),
  (181),
  (182),
  (183),
  (184),
  (185),
  (186),
  (187),
  (188),
  (189),
  (190),
  (191),
  (192),
  (193),
  (194),
  (195),
  (196),
  (197),
  (198),
  (199),
  (200),
  (201),
  (202),
  (203),
  (204),
  (205),
  (206),
  (207),
  (208),
  (209),
  (210),
  (211),
  (212),
  (213),
  (214),
  (215),
  (216),
  (217),
  (218),
  (219),
  (220),
  (221),
  (222),
  (223),
  (224),
  (225),
  (226),
  (227),
  (228),
  (229),
  (230),
  (231),
  (232),
  (233),
  (234),
  (235),
  (236),
  (237),
  (238),
  (239),
  (240),
  (241),
  (242),
  (243),
  (244),
  (245),
  (246),
  (247),
  (248),
  (249),
  (250),
  (251),
  (252),
  (253),
  (254),
  (255),
  (256),
  (257),
  (258),
  (259),
  (260),
  (261),
  (262),
  (263),
  (264),
  (265),
  (266),
  (267),
  (268),
  (269),
  (270),
  (271),
  (272),
  (273),
  (274),
  (275),
  (276),
  (277),
  (278),
  (279),
  (280),
  (281),
  (282),
  (283),
  (284),
  (285),
  (286),
  (287),
  (288),
  (289),
  (290),
  (291),
  (292),
  (293),
  (294),
  (295),
  (296),
  (297),
  (298),
  (299),
  (300),
  (301),
  (302),
  (303),
  (304),
  (305),
  (306),
  (307),
  (308),
  (309),
  (310),
  (311),
  (312),
  (313),
  (314),
  (315),
  (316),
  (317),
  (318),
  (319),
  (320),
  (321),
  (322),
  (323),
  (324),
  (325),
  (326),
  (327),
  (328),
  (329),
  (330),
  (331),
  (332),
  (333),
  (334),
  (335),
  (336),
  (337),
  (338),
  (339),
  (340),
  (341),
  (342),
  (343),
  (344),
  (345),
  (346),
  (347),
  (348),
  (349),
  (350),
  (351),
  (352),
  (353),
  (354),
  (355),
  (356),
  (357),
  (358),
  (359),
  (360),
  (361),
  (362),
  (363),
  (364),
  (365),
  (366),
  (367),
  (368),
  (369),
  (370),
  (371),
  (372),
  (373),
  (374),
  (375),
  (376),
  (377),
  (378),
  (379),
  (380),
  (381),
  (382),
  (383),
  (384),
  (385),
  (386),
  (387),
  (388),
  (389),
  (390),
  (391),
  (392),
  (393),
  (394),
  (395),
  (396),
  (397),
  (398),
  (399),
  (400),
  (401),
  (402),
  (403),
  (404),
  (405),
  (406),
  (407),
  (408),
  (409),
  (410),
  (411),
  (412),
  (413),
  (414),
  (415),
  (416),
  (417),
  (418),
  (419),
  (420),
  (421),
  (422),
  (423),
  (424),
  (425),
  (426),
  (427),
  (428),
  (429),
  (430),
  (431),
  (432),
  (433),
  (434),
  (435),
  (436),
  (437),
  (438),
  (439),
  (440),
  (441),
  (442),
  (443),
  (444),
  (445),
  (446),
  (447),
  (448),
  (449),
  (450),
  (451),
  (452),
  (453),
  (454),
  (455),
  (456),
  (457),
  (458),
  (459),
  (460),
  (461),
  (462),
  (463),
  (464),
  (465),
  (466),
  (467),
  (468),
  (469),
  (470),
  (471),
  (472),
  (473),
  (474),
  (475),
  (476),
  (477),
  (478),
  (479),
  (480),
  (481),
  (482),
  (483),
  (484),
  (485),
  (486),
  (487),
  (488),
  (489),
  (490),
  (491),
  (492),
  (493),
  (494),
  (495),
  (496),
  (497),
  (498),
  (499),
  (500),
  (501),
  (502),
  (503),
  (504),
  (505),
  (506),
  (507),
  (508),
  (509),
  (510),
  (511),
  (512),
  (513),
  (514);

COMMIT;

#
# Data for the `sys_obj_id` table  (LIMIT 500,500)
#

INSERT INTO `sys_obj_id` (`id`) VALUES 
  (515),
  (516),
  (517),
  (518),
  (519),
  (520),
  (521),
  (522),
  (523),
  (524),
  (525),
  (526),
  (527),
  (528),
  (529),
  (530),
  (531),
  (532),
  (533),
  (534),
  (535),
  (536),
  (537),
  (538),
  (539),
  (540),
  (541),
  (542),
  (543),
  (544),
  (545),
  (546),
  (547),
  (548),
  (549),
  (550),
  (551),
  (552),
  (553),
  (554),
  (555),
  (556),
  (557),
  (558),
  (559),
  (560),
  (561),
  (562),
  (563),
  (564),
  (565),
  (566),
  (567),
  (568),
  (569),
  (570),
  (571),
  (572),
  (573),
  (574),
  (575),
  (576),
  (577),
  (578),
  (579),
  (580),
  (581),
  (582),
  (583),
  (584),
  (585),
  (586),
  (587),
  (588),
  (589),
  (590),
  (591),
  (592),
  (593),
  (594),
  (595),
  (596),
  (597),
  (598),
  (599),
  (600),
  (601),
  (602),
  (603),
  (604),
  (605),
  (606),
  (607),
  (608),
  (609),
  (610),
  (611),
  (612),
  (613),
  (614),
  (615),
  (616),
  (617),
  (618),
  (619),
  (620),
  (621),
  (622),
  (623),
  (624),
  (625),
  (626),
  (627),
  (628),
  (629),
  (630),
  (631),
  (632),
  (633),
  (634),
  (635),
  (636),
  (637),
  (638),
  (639),
  (640),
  (641),
  (642),
  (643),
  (644),
  (645),
  (646),
  (647),
  (648),
  (649),
  (650),
  (651),
  (652),
  (653),
  (654),
  (655),
  (656),
  (657),
  (658),
  (659),
  (660),
  (661),
  (662),
  (663),
  (664),
  (665),
  (666),
  (667),
  (668),
  (669),
  (670),
  (671),
  (672),
  (673),
  (674),
  (675),
  (676),
  (677),
  (678),
  (679),
  (680),
  (681),
  (682),
  (683),
  (684),
  (685),
  (686),
  (687),
  (688),
  (689),
  (690),
  (691),
  (692),
  (693),
  (694),
  (695),
  (696),
  (697),
  (698),
  (699),
  (700),
  (701),
  (702),
  (703),
  (704),
  (705),
  (706),
  (707),
  (708),
  (709),
  (710),
  (711),
  (712),
  (713),
  (714),
  (715),
  (716),
  (717),
  (718),
  (719),
  (720),
  (721),
  (722),
  (723),
  (724),
  (725),
  (726),
  (727),
  (728),
  (729),
  (730),
  (731),
  (732),
  (733),
  (734),
  (735),
  (736),
  (737),
  (738),
  (739),
  (740),
  (741),
  (742),
  (743),
  (744),
  (745),
  (746),
  (747),
  (748),
  (749),
  (750),
  (751),
  (752),
  (753),
  (754),
  (755),
  (756),
  (757),
  (758),
  (759),
  (760),
  (761),
  (762),
  (763),
  (764),
  (765),
  (766),
  (767),
  (768),
  (769),
  (770),
  (771),
  (772),
  (773),
  (774),
  (775),
  (776),
  (777),
  (778),
  (779),
  (780),
  (781),
  (782),
  (783),
  (784),
  (785),
  (786),
  (787),
  (788),
  (789),
  (790),
  (791),
  (792),
  (793),
  (794),
  (795),
  (796),
  (797),
  (798),
  (799),
  (800),
  (801),
  (802),
  (803),
  (804),
  (805),
  (806),
  (807),
  (808),
  (809),
  (810),
  (811),
  (812),
  (813),
  (814),
  (815),
  (816),
  (817),
  (818),
  (819),
  (820),
  (821),
  (822),
  (823),
  (824),
  (825),
  (826),
  (827),
  (828),
  (829),
  (830),
  (831),
  (832),
  (833),
  (834),
  (835),
  (836),
  (837),
  (838),
  (839),
  (840),
  (841),
  (842),
  (843),
  (844),
  (845),
  (846),
  (847),
  (848),
  (849),
  (850),
  (851),
  (852),
  (853),
  (854),
  (855),
  (856),
  (857),
  (858),
  (859),
  (860),
  (861),
  (862),
  (863),
  (864),
  (865),
  (866),
  (867),
  (868),
  (869),
  (870),
  (871),
  (872),
  (873),
  (874),
  (875),
  (876),
  (877),
  (878),
  (879),
  (880),
  (881),
  (882),
  (883),
  (884),
  (885),
  (886),
  (887),
  (888),
  (889),
  (890),
  (891),
  (892),
  (893),
  (894),
  (895),
  (896),
  (897),
  (898),
  (899),
  (900),
  (901),
  (902),
  (903),
  (904),
  (905),
  (906),
  (907),
  (908),
  (909),
  (910),
  (911),
  (912),
  (913),
  (914),
  (915),
  (916),
  (917),
  (918),
  (919),
  (920),
  (921),
  (922),
  (923),
  (924),
  (925),
  (926),
  (927),
  (928),
  (929),
  (930),
  (931),
  (932),
  (933),
  (934),
  (935),
  (936),
  (937),
  (938),
  (939),
  (940),
  (941),
  (942),
  (943),
  (944),
  (945),
  (946),
  (947),
  (948),
  (949),
  (950),
  (951),
  (952),
  (953),
  (954),
  (955),
  (956),
  (957),
  (958),
  (959),
  (960),
  (961),
  (962),
  (963),
  (964),
  (965),
  (966),
  (967),
  (968),
  (969),
  (970),
  (971),
  (972),
  (973),
  (974),
  (975),
  (976),
  (977),
  (978),
  (979),
  (980),
  (981),
  (982),
  (983),
  (984),
  (985),
  (986),
  (987),
  (988),
  (989),
  (990),
  (991),
  (992),
  (993),
  (994),
  (995),
  (996),
  (997),
  (998),
  (999),
  (1000),
  (1001),
  (1002),
  (1003),
  (1004),
  (1005),
  (1006),
  (1007),
  (1008),
  (1009),
  (1010),
  (1011),
  (1012),
  (1013),
  (1014);

COMMIT;

#
# Data for the `sys_obj_id` table  (LIMIT 1000,500)
#

INSERT INTO `sys_obj_id` (`id`) VALUES 
  (1015),
  (1016),
  (1017),
  (1018),
  (1019),
  (1020),
  (1021),
  (1022),
  (1023),
  (1024),
  (1025),
  (1026),
  (1027),
  (1028),
  (1029),
  (1030),
  (1031),
  (1032),
  (1033),
  (1034),
  (1035),
  (1036),
  (1037),
  (1038),
  (1039),
  (1040),
  (1041),
  (1042),
  (1043),
  (1044),
  (1045),
  (1046),
  (1047),
  (1048),
  (1049),
  (1050),
  (1051),
  (1052),
  (1053),
  (1054),
  (1055),
  (1056),
  (1057),
  (1058),
  (1059),
  (1060),
  (1061),
  (1062),
  (1063),
  (1064),
  (1065),
  (1066),
  (1067),
  (1068),
  (1069),
  (1070),
  (1071),
  (1072),
  (1073),
  (1074),
  (1075),
  (1076),
  (1077),
  (1078),
  (1079),
  (1080),
  (1081),
  (1082),
  (1083),
  (1084),
  (1085),
  (1086),
  (1087),
  (1088),
  (1089),
  (1090),
  (1091),
  (1092),
  (1093),
  (1094),
  (1095),
  (1096),
  (1097),
  (1098),
  (1099),
  (1100),
  (1101),
  (1102),
  (1103),
  (1104),
  (1105),
  (1106),
  (1107),
  (1108),
  (1109),
  (1110),
  (1111),
  (1112),
  (1113),
  (1114),
  (1115),
  (1116),
  (1117),
  (1118),
  (1119),
  (1120),
  (1121),
  (1122),
  (1123),
  (1124),
  (1125),
  (1126),
  (1127),
  (1128),
  (1129),
  (1130),
  (1131),
  (1132),
  (1133),
  (1134),
  (1135),
  (1136),
  (1137),
  (1138),
  (1139),
  (1140),
  (1141),
  (1142),
  (1143),
  (1144),
  (1145),
  (1146),
  (1147),
  (1148),
  (1149),
  (1150),
  (1151),
  (1152),
  (1153),
  (1154),
  (1155),
  (1156),
  (1157),
  (1158),
  (1159),
  (1160),
  (1161),
  (1162),
  (1163),
  (1164),
  (1165),
  (1166),
  (1167),
  (1168),
  (1169),
  (1170),
  (1171),
  (1172),
  (1173),
  (1174),
  (1175),
  (1176),
  (1177),
  (1178),
  (1179),
  (1180),
  (1181),
  (1182),
  (1183),
  (1184),
  (1185),
  (1186),
  (1187),
  (1188),
  (1189),
  (1190),
  (1191),
  (1192),
  (1193),
  (1194),
  (1195),
  (1196),
  (1197),
  (1198),
  (1199),
  (1200),
  (1201),
  (1202),
  (1203),
  (1204),
  (1205),
  (1206),
  (1207),
  (1208),
  (1209),
  (1210),
  (1211),
  (1212),
  (1213),
  (1214),
  (1215),
  (1216),
  (1217),
  (1218),
  (1219),
  (1220),
  (1221),
  (1222),
  (1223),
  (1224),
  (1225),
  (1226),
  (1227),
  (1228),
  (1229),
  (1230),
  (1231),
  (1232),
  (1233),
  (1234),
  (1235),
  (1236),
  (1237),
  (1238),
  (1239),
  (1240),
  (1241),
  (1242),
  (1243),
  (1244),
  (1245),
  (1246);

COMMIT;

#
# Structure for the `sys_obj_id_named` table : 
#

DROP TABLE IF EXISTS `sys_obj_id_named`;

CREATE TABLE `sys_obj_id_named` (
  `obj_id` int(11) unsigned default NULL,
  `name` char(255) default NULL
) ENGINE=MyISAM DEFAULT CHARSET=utf8;

#
# Data for the `sys_obj_id_named` table  (LIMIT 0,500)
#

INSERT INTO `sys_obj_id_named` (`obj_id`, `name`) VALUES 
  (55,'user_userFolder'),
  (56,'user_groupFolder'),
  (58,'access_groupFolder'),
  (71,'access_user_group'),
  (60,'news_news'),
  (61,'news_newsFolder'),
  (62,'access_news_newsFolder'),
  (63,'access_news_news'),
  (64,'access_page_page'),
  (65,'timer_timer'),
  (69,'access_admin_admin'),
  (72,'access_user_user'),
  (73,'access_sys_access'),
  (287,'access_timer_timer'),
  (75,'access_user_userGroup'),
  (95,'access_comments_commentsFolder'),
  (94,'access_comments_comments'),
  (122,'access_user_userAuth'),
  (123,'access_comments_Array'),
  (158,'access_foo_foo'),
  (162,'access_page_pageFolder'),
  (193,'access_fileManager_file'),
  (194,'access_fileManager_folder'),
  (198,'access_fileManager_fileManager'),
  (233,'access_catalogue_catalogue'),
  (264,'access_news_catalogue'),
  (265,'access_page_news'),
  (266,'access_fileManager_page'),
  (497,'access_catalogue_catalogueFolder'),
  (532,'access_gallery_gallery'),
  (635,'access_menu_menu'),
  (642,'access_menu_menuItem'),
  (644,'access_menu_menuFolder'),
  (645,'menu_menuFolder'),
  (794,'access_voting_question'),
  (795,'access_voting_voteFolder'),
  (808,'access_message_message'),
  (832,'voting_voteFolder'),
  (855,'menu_menuItem'),
  (862,'catalogue_catalogue'),
  (866,'access_forum_forum'),
  (868,'access_faq_faq'),
  (869,'access_faq_faqFolder'),
  (874,'faq_faqFolder'),
  (879,'forum_forumCategoryFolder'),
  (882,'access_forum_category'),
  (883,'access_forum_post'),
  (884,'access_forum_categoryFolder'),
  (982,'access_forum_thread'),
  (1165,'news_searchByTag'),
  (1169,'news_tagsCloud'),
  (1184,'access_tags_tagsItem'),
  (1230,'captcha_captcha'),
  (1231,'access_captcha_captcha'),
  (1244,'sys_catalogue'),
  (1245,'access_sys_admin'),
  (1246,'tags_tagsCloud');

COMMIT;

#
# Structure for the `sys_sections` table : 
#

DROP TABLE IF EXISTS `sys_sections`;

CREATE TABLE `sys_sections` (
  `id` int(11) NOT NULL auto_increment,
  `name` char(255) default NULL,
  `title` char(255) default NULL,
  `order` int(11) default NULL,
  PRIMARY KEY  (`id`),
  UNIQUE KEY `name` (`name`,`id`)
) ENGINE=MyISAM DEFAULT CHARSET=utf8;

#
# Data for the `sys_sections` table  (LIMIT 0,500)
#

INSERT INTO `sys_sections` (`id`, `name`, `title`, `order`) VALUES 
  (1,'news','Новости',50),
  (2,'user','Пользователи',80),
  (4,'page','Страницы',60),
  (6,'sys','Системное',0),
  (7,'admin','Администрирование',10),
  (8,'comments','Комментарии',30),
  (9,'fileManager','Менеджер файлов',40),
  (10,'catalogue','Каталог',20),
  (11,'gallery','Галерея',80),
  (12,'menu','Меню',50),
  (13,'voting','Голосование',0),
  (14,'message','Сообщения пользователей',0),
  (15,'forum','Форум',0),
  (16,'faq','',0),
  (17,'tags',NULL,NULL),
  (18,'captcha',NULL,NULL);

COMMIT;

#
# Structure for the `tags_item_rel` table : 
#

DROP TABLE IF EXISTS `tags_item_rel`;

CREATE TABLE `tags_item_rel` (
  `id` int(10) unsigned NOT NULL auto_increment,
  `tag_id` int(10) unsigned default NULL,
  `item_id` int(10) unsigned default NULL,
  `obj_id` int(10) unsigned default NULL,
  PRIMARY KEY  (`id`)
) ENGINE=MyISAM DEFAULT CHARSET=utf8;

#
# Data for the `tags_item_rel` table  (LIMIT 0,500)
#

INSERT INTO `tags_item_rel` (`id`, `tag_id`, `item_id`, `obj_id`) VALUES 
  (1,1,11,1164),
  (2,1,12,1168),
  (3,2,13,1173),
  (6,5,14,1181),
  (7,6,14,1182),
  (8,2,14,1183);

COMMIT;

#
# Structure for the `tags_tags` table : 
#

DROP TABLE IF EXISTS `tags_tags`;

CREATE TABLE `tags_tags` (
  `id` int(10) unsigned NOT NULL auto_increment,
  `tag` varchar(255) default NULL,
  `obj_id` int(10) unsigned default NULL,
  PRIMARY KEY  (`id`)
) ENGINE=MyISAM DEFAULT CHARSET=utf8;

#
# Data for the `tags_tags` table  (LIMIT 0,500)
#

INSERT INTO `tags_tags` (`id`, `tag`, `obj_id`) VALUES 
  (1,'Путин',1162),
  (2,'Google',1172),
  (3,'google mzz zerkms',1175),
  (4,'google\nmzz\nzerkms',1177),
  (5,'mzz',1179),
  (6,'zerkms',1180);

COMMIT;

#
# Structure for the `tags_tagsItem` table : 
#

DROP TABLE IF EXISTS `tags_tagsItem`;

CREATE TABLE `tags_tagsItem` (
  `id` int(10) unsigned NOT NULL auto_increment,
  `item_obj_id` int(10) unsigned default NULL,
  `obj_id` int(10) unsigned default NULL,
  `owner` int(10) unsigned default NULL,
  PRIMARY KEY  (`id`)
) ENGINE=MyISAM DEFAULT CHARSET=utf8;

#
# Data for the `tags_tagsItem` table  (LIMIT 0,500)
#

INSERT INTO `tags_tagsItem` (`id`, `item_obj_id`, `obj_id`, `owner`) VALUES 
  (11,331,1161,NULL),
  (12,459,1166,NULL),
  (13,445,1170,NULL),
  (14,468,1174,NULL);

COMMIT;

#
# Structure for the `user_group` table : 
#

DROP TABLE IF EXISTS `user_group`;

CREATE TABLE `user_group` (
  `id` int(11) NOT NULL auto_increment,
  `obj_id` int(10) unsigned NOT NULL default '0',
  `name` char(255) default NULL,
  `is_default` tinyint(4) default NULL,
  PRIMARY KEY  (`id`)
) ENGINE=MyISAM DEFAULT CHARSET=utf8;

#
# Data for the `user_group` table  (LIMIT 0,500)
#

INSERT INTO `user_group` (`id`, `obj_id`, `name`, `is_default`) VALUES 
  (1,14,'unauth',NULL),
  (2,15,'auth',1),
  (3,225,'root',0);

COMMIT;

#
# Structure for the `user_user` table : 
#

DROP TABLE IF EXISTS `user_user`;

CREATE TABLE `user_user` (
  `id` int(11) NOT NULL auto_increment,
  `obj_id` int(10) unsigned NOT NULL default '0',
  `login` varchar(255) NOT NULL default '',
  `password` varchar(32) NOT NULL default '',
  `created` int(11) default NULL,
  `confirmed` varchar(32) default NULL,
  `last_login` int(11) default NULL,
  PRIMARY KEY  (`id`),
  KEY `login` (`login`)
) ENGINE=MyISAM DEFAULT CHARSET=utf8;

#
# Data for the `user_user` table  (LIMIT 0,500)
#

INSERT INTO `user_user` (`id`, `obj_id`, `login`, `password`, `created`, `confirmed`, `last_login`) VALUES 
  (1,12,'guest','',NULL,NULL,1196821868),
  (2,13,'admin','098f6bcd4621d373cade4e832627b4f6',NULL,NULL,1196825966),
  (3,472,'pedro','098f6bcd4621d373cade4e832627b4f6',1188187851,NULL,1190001055);

COMMIT;

#
# Structure for the `user_userAuth` table : 
#

DROP TABLE IF EXISTS `user_userAuth`;

CREATE TABLE `user_userAuth` (
  `id` int(11) unsigned NOT NULL auto_increment,
  `user_id` int(11) unsigned default NULL,
  `ip` char(15) default NULL,
  `hash` char(32) default NULL,
  `obj_id` int(11) unsigned default NULL,
  `time` int(11) unsigned default NULL,
  PRIMARY KEY  (`id`)
) ENGINE=MyISAM DEFAULT CHARSET=utf8;

#
# Data for the `user_userAuth` table  (LIMIT 0,500)
#

INSERT INTO `user_userAuth` (`id`, `user_id`, `ip`, `hash`, `obj_id`, `time`) VALUES 
  (71,2,'127.0.0.1','0c0b80d11079f5a7a0b2381ff05abc10',NULL,1187831447),
  (72,2,'127.0.0.1','4f9252b570591bcf33d0bc3224b12de8',NULL,1187925555),
  (81,2,'127.0.0.1','be504534880ccf8dd7c6e1e620c90479',NULL,1188427749),
  (82,3,'127.0.0.1','b11d08d01d8d43d4a13af69894287094',NULL,1188430535),
  (84,2,'127.0.0.1','0c7731ab2cbc019466ed8b4962bc20f4',NULL,1189865442),
  (85,2,'127.0.0.1','923419062bc5d8b61cd739a18a0bcc7b',NULL,1189980243),
  (87,3,'127.0.0.1','27795bb192fb7db9b9d1956a5ab64695',NULL,1190000095),
  (88,2,'127.0.0.1','2cb55a1503611b24dd8bd14c0dfddd28',NULL,1193226125),
  (89,2,'127.0.0.1','83d75d9a718c75e0d30977be9182e8d9',NULL,1195194065),
  (90,2,'127.0.0.1','d362454ed43a871c97c859ebd9f3bfc6',NULL,1193986007),
  (91,2,'127.0.0.1','84bf2d010202708157191906c06e990f',NULL,1194405647),
  (92,2,'127.0.0.1','6bd1efd64e318d5f4fd08f1d267e7319',NULL,1196820540);

COMMIT;

#
# Structure for the `user_userGroup_rel` table : 
#

DROP TABLE IF EXISTS `user_userGroup_rel`;

CREATE TABLE `user_userGroup_rel` (
  `id` int(11) NOT NULL auto_increment,
  `group_id` int(11) default NULL,
  `user_id` int(11) default NULL,
  `obj_id` int(11) unsigned default NULL,
  PRIMARY KEY  (`id`),
  UNIQUE KEY `group_id` (`group_id`,`user_id`),
  KEY `user_id` (`user_id`)
) ENGINE=MyISAM DEFAULT CHARSET=utf8;

#
# Data for the `user_userGroup_rel` table  (LIMIT 0,500)
#

INSERT INTO `user_userGroup_rel` (`id`, `group_id`, `user_id`, `obj_id`) VALUES 
  (1,1,1,50),
  (23,2,2,47),
  (24,3,2,226),
  (30,2,3,473);

COMMIT;

#
# Structure for the `user_userOnline` table : 
#

DROP TABLE IF EXISTS `user_userOnline`;

CREATE TABLE `user_userOnline` (
  `id` int(11) unsigned NOT NULL auto_increment,
  `user_id` int(11) default NULL,
  `session` char(32) default NULL,
  `last_activity` int(11) default NULL,
  `url` char(255) default NULL,
  `ip` char(15) default NULL,
  PRIMARY KEY  (`id`),
  UNIQUE KEY `user_id` (`user_id`,`session`),
  KEY `last_activity` (`last_activity`)
) ENGINE=MyISAM DEFAULT CHARSET=utf8;

#
# Data for the `user_userOnline` table  (LIMIT 0,500)
#

INSERT INTO `user_userOnline` (`id`, `user_id`, `session`, `last_activity`, `url`, `ip`) VALUES 
  (212,2,'6fff0e92bfea9db9b2667060ce15d463',1196934318,'http://mzz/message/sent/list','127.0.0.1');

COMMIT;

#
# Structure for the `voting_answer` table : 
#

DROP TABLE IF EXISTS `voting_answer`;

CREATE TABLE `voting_answer` (
  `id` int(11) NOT NULL auto_increment,
  `title` char(255) NOT NULL default '',
  `type` smallint(6) default '0',
  `question_id` int(11) NOT NULL default '0',
  `obj_id` int(11) default NULL,
  PRIMARY KEY  (`id`)
) ENGINE=MyISAM DEFAULT CHARSET=utf8;

#
# Data for the `voting_answer` table  (LIMIT 0,500)
#

INSERT INTO `voting_answer` (`id`, `title`, `type`, `question_id`, `obj_id`) VALUES 
  (2,'Да',0,1,799),
  (5,'Нет',0,1,823),
  (10,'Свой вариант',2,1,854);

COMMIT;

#
# Structure for the `voting_question` table : 
#

DROP TABLE IF EXISTS `voting_question`;

CREATE TABLE `voting_question` (
  `id` int(11) NOT NULL auto_increment,
  `question` char(255) NOT NULL default '',
  `category_id` int(11) default '0',
  `created` int(11) default NULL,
  `expired` int(11) default NULL,
  `obj_id` int(11) default NULL,
  PRIMARY KEY  (`id`),
  KEY `category_id` (`category_id`)
) ENGINE=MyISAM DEFAULT CHARSET=utf8;

#
# Data for the `voting_question` table  (LIMIT 0,500)
#

INSERT INTO `voting_question` (`id`, `question`, `category_id`, `created`, `expired`, `obj_id`) VALUES 
  (1,'Вы верите в розового жирафика?',1,1186015080,1217810460,796);

COMMIT;

#
# Structure for the `voting_vote` table : 
#

DROP TABLE IF EXISTS `voting_vote`;

CREATE TABLE `voting_vote` (
  `id` int(11) NOT NULL auto_increment,
  `answer_id` int(11) NOT NULL default '0',
  `user_id` int(11) NOT NULL default '0',
  `question_id` int(11) NOT NULL default '0',
  `text` char(255) default NULL,
  PRIMARY KEY  (`id`),
  KEY `question` (`question_id`,`user_id`)
) ENGINE=MyISAM DEFAULT CHARSET=utf8;

#
# Structure for the `voting_voteCategory` table : 
#

DROP TABLE IF EXISTS `voting_voteCategory`;

CREATE TABLE `voting_voteCategory` (
  `id` int(11) NOT NULL auto_increment,
  `name` char(255) default NULL,
  `title` char(255) default NULL,
  `obj_id` int(11) default '0',
  PRIMARY KEY  (`id`)
) ENGINE=MyISAM DEFAULT CHARSET=utf8;

#
# Data for the `voting_voteCategory` table  (LIMIT 0,500)
#

INSERT INTO `voting_voteCategory` (`id`, `name`, `title`, `obj_id`) VALUES 
  (1,'simple','Простая',837);

COMMIT;



/*!40101 SET CHARACTER_SET_CLIENT=@OLD_CHARACTER_SET_CLIENT */;
/*!40101 SET CHARACTER_SET_RESULTS=@OLD_CHARACTER_SET_RESULTS */;
/*!40101 SET COLLATION_CONNECTION=@OLD_COLLATION_CONNECTION */;